-- phpMyAdmin SQL Dump
-- version 5.2.0
-- https://www.phpmyadmin.net/
--
-- Host: 127.0.0.1
<<<<<<< HEAD
-- Generation Time: May 15, 2023 at 09:27 PM
=======
-- Generation Time: May 06, 2023 at 04:21 PM
>>>>>>> 7345c0466a5866af0d32573cd1621873dddefa22
-- Server version: 10.4.27-MariaDB
-- PHP Version: 8.2.0

SET SQL_MODE = "NO_AUTO_VALUE_ON_ZERO";
START TRANSACTION;
SET time_zone = "+00:00";


/*!40101 SET @OLD_CHARACTER_SET_CLIENT=@@CHARACTER_SET_CLIENT */;
/*!40101 SET @OLD_CHARACTER_SET_RESULTS=@@CHARACTER_SET_RESULTS */;
/*!40101 SET @OLD_COLLATION_CONNECTION=@@COLLATION_CONNECTION */;
/*!40101 SET NAMES utf8mb4 */;

--
-- Database: `pets_db`
--

-- --------------------------------------------------------

--
-- Table structure for table `breed`
--

CREATE TABLE `breed` (
  `breed_id` int(11) NOT NULL,
  `breed_name` varchar(50) NOT NULL,
  `origin` varchar(50) NOT NULL,
  `coat` varchar(50) NOT NULL,
  `type` varchar(50) NOT NULL,
  `lifespan` varchar(10) NOT NULL,
  `category_id` int(11) NOT NULL
) ENGINE=InnoDB DEFAULT CHARSET=latin1 COLLATE=latin1_swedish_ci;

--
-- Dumping data for table `breed`
--

INSERT INTO `breed` (`breed_id`, `breed_name`, `origin`, `coat`, `type`, `lifespan`, `category_id`) VALUES
(1, 'Abyssinian', 'Afro-Asia', 'Short', 'Natural', '9-13', 1),
(2, 'Bengal', 'United States', 'Short', 'Hybrid', '12-16', 1),
(3, 'Cyprus', 'Cyprus', 'All', 'Natural', '12-15', 1),
(4, 'Ragdoll', 'United States', 'Long', 'Hybrid', '12-15', 1),
(5, 'Sphynx', 'Canada', 'Hairless', 'Mutation', '8-14', 1),
(6, 'Akita', 'Japan', 'Double coat', 'Muscular', '10', 2),
(7, 'Chihuahua', 'Mexico', 'All', 'Small', '12+', 2),
(8, 'German Shepherd', 'Germany', 'Double coat', 'Muscular', '9-13', 2),
(10, 'Beagle', 'England', 'Short', 'Muscular', '12-15', 2),
(11, 'Boston Terrier', 'United States', 'Short', 'Muscular', '11–13', 2),
(12, 'Jamnapari', 'India', 'Short', 'Domestic', '1.5', 3),
(13, 'Saanen', 'Switzerland', 'Short', 'Domestic', '10', 3),
(14, 'Grey parrot', 'Congo', 'Feathers', 'Medium', '23', 4),
(15, 'Cockatiel', 'Australia', 'Feathers', 'Small', '10-15', 4),
(16, 'Dutch ', 'Netherlands', 'Short', 'Dwarf', '5-8', 5),
(17, 'Angora', 'China', 'Long', 'Small', '12-16', 5),
(18, 'Dwarf', 'Mongolia ', 'Short', 'Dwarf', '2-3', 6),
(19, 'Syrian ', 'Syria', 'Short', 'Small', '2-3', 6);

-- --------------------------------------------------------

--
-- Table structure for table `category`
--

CREATE TABLE `category` (
  `category_id` int(11) NOT NULL,
  `name` varchar(12) NOT NULL
) ENGINE=InnoDB DEFAULT CHARSET=latin1 COLLATE=latin1_swedish_ci;

--
-- Dumping data for table `category`
--

INSERT INTO `category` (`category_id`, `name`) VALUES
(1, 'Cat'),
(2, 'Dog'),
(3, 'Goat'),
(4, 'Bird'),
(5, 'Rabbit'),
(6, 'Hamster');

-- --------------------------------------------------------

--
-- Table structure for table `ca_codes`
--

CREATE TABLE `ca_codes` (
  `code_id` int(11) NOT NULL,
  `province` varchar(2) NOT NULL,
  `postal_code` varchar(3) NOT NULL,
  `latitude` float(11,5) NOT NULL,
  `longitude` float(11,5) NOT NULL
) ENGINE=InnoDB DEFAULT CHARSET=utf8mb4 COLLATE=utf8mb4_general_ci;

--
-- Dumping data for table `ca_codes`
--

INSERT INTO `ca_codes` (`code_id`, `province`, `postal_code`, `latitude`, `longitude`) VALUES
(5, 'NU', 'X0A', 70.46430, -68.47890),
(6, 'NU', 'X0B', 67.69630, -107.90700),
(7, 'NU', 'X0C', 62.22370, -92.59040),
(8, 'NT', 'X0E', 62.40430, -110.74200),
(9, 'NT', 'X1A', 62.47250, -114.34200),
(10, 'AB', 'T0A', 53.92250, -111.05900),
(11, 'AB', 'T0B', 53.06350, -112.30700),
(12, 'AB', 'T0C', 51.95650, -110.07600),
(13, 'AB', 'T0E', 53.84860, -114.43600),
(14, 'AB', 'T0G', 54.26530, -115.38300),
(15, 'AB', 'T0H', 56.65980, -117.29000),
(16, 'AB', 'T0J', 49.84420, -110.78000),
(17, 'AB', 'T0K', 49.73180, -112.61700),
(18, 'AB', 'T0L', 49.87360, -113.50700),
(19, 'AB', 'T0M', 52.03060, -113.95600),
(20, 'AB', 'T0P', 58.75900, -111.08700),
(21, 'AB', 'T0V', 59.86850, -111.63300),
(22, 'AB', 'T1A', 50.03650, -110.66100),
(23, 'AB', 'T1B', 50.01720, -110.65100),
(24, 'AB', 'T1C', 50.05560, -110.68200),
(25, 'AB', 'T1G', 49.77730, -112.15800),
(26, 'AB', 'T1H', 49.71180, -112.82000),
(27, 'AB', 'T1J', 49.69150, -112.82900),
(28, 'AB', 'T1K', 49.67650, -112.80300),
(29, 'AB', 'T1L', 51.17910, -115.57000),
(30, 'AB', 'T1M', 49.72850, -112.61500),
(31, 'AB', 'T1P', 51.04590, -113.39700),
(32, 'AB', 'T1R', 50.56590, -111.89000),
(33, 'AB', 'T1S', 50.70640, -113.95500),
(34, 'AB', 'T1V', 50.57750, -113.87500),
(35, 'AB', 'T1W', 51.08680, -115.33800),
(36, 'AB', 'T1X', 51.05120, -113.81500),
(37, 'AB', 'T1Y', 51.07590, -114.00200),
(38, 'AB', 'T2A', 51.04020, -113.98400),
(39, 'AB', 'T2B', 51.03180, -113.97900),
(40, 'AB', 'T2C', 50.98780, -114.00000),
(41, 'AB', 'T2E', 51.06320, -114.06100),
(42, 'AB', 'T2G', 51.04150, -114.06000),
(43, 'AB', 'T2H', 50.98570, -114.06300),
(44, 'AB', 'T2J', 50.96930, -114.05100),
(45, 'AB', 'T2K', 51.08570, -114.07100),
(46, 'AB', 'T2L', 51.09170, -114.11300),
(47, 'AB', 'T2M', 51.06960, -114.08600),
(48, 'AB', 'T2N', 51.05910, -114.11500),
(49, 'AB', 'T2P', 51.04720, -114.08000),
(50, 'AB', 'T2R', 51.04260, -114.07900),
(51, 'AB', 'T2S', 51.01710, -114.08100),
(52, 'AB', 'T2T', 51.03160, -114.09900),
(53, 'AB', 'T2V', 50.99090, -114.07400),
(54, 'AB', 'T2W', 50.96040, -114.10000),
(55, 'AB', 'T2X', 50.92040, -114.06700),
(56, 'AB', 'T2Y', 50.90930, -114.07200),
(57, 'AB', 'T2Z', 50.90230, -113.98700),
(58, 'AB', 'T3A', 51.09220, -114.14800),
(59, 'AB', 'T3B', 51.08090, -114.16200),
(60, 'AB', 'T3C', 51.03880, -114.09800),
(61, 'AB', 'T3E', 51.02270, -114.13400),
(62, 'AB', 'T3G', 51.11470, -114.18000),
(63, 'AB', 'T3H', 51.05660, -114.18200),
(64, 'AB', 'T3J', 51.09990, -113.94200),
(65, 'AB', 'T3K', 51.12700, -114.07900),
(66, 'AB', 'T3L', 51.11620, -114.20900),
(67, 'AB', 'T3M', 50.89020, -113.98900),
(68, 'AB', 'T3N', 51.14940, -114.00200),
(69, 'AB', 'T3P', 51.17930, -114.13300),
(70, 'AB', 'T3R', 51.14970, -114.27000),
(71, 'AB', 'T3Z', 50.98210, -114.51800),
(72, 'AB', 'T4A', 51.27330, -113.99100),
(73, 'AB', 'T4B', 51.28160, -114.01500),
(74, 'AB', 'T4C', 51.18960, -114.47700),
(75, 'AB', 'T4E', 52.29110, -113.70300),
(76, 'AB', 'T4G', 52.02900, -113.94700),
(77, 'AB', 'T4H', 51.79560, -114.09400),
(78, 'AB', 'T4J', 52.66490, -113.58200),
(79, 'AB', 'T4L', 52.36000, -114.37400),
(80, 'AB', 'T4N', 52.25920, -113.82400),
(81, 'AB', 'T4P', 52.28870, -113.83900),
(82, 'AB', 'T4R', 52.24510, -113.78500),
(83, 'AB', 'T4S', 52.30830, -114.09500),
(84, 'AB', 'T4T', 52.37800, -114.93100),
(85, 'AB', 'T4V', 53.02040, -112.81300),
(86, 'AB', 'T4X', 53.35710, -113.41300),
(87, 'AB', 'T5A', 53.58990, -113.44100),
(88, 'AB', 'T5B', 53.57660, -113.46100),
(89, 'AB', 'T5C', 53.61290, -113.45700),
(90, 'AB', 'T5E', 53.59230, -113.51700),
(91, 'AB', 'T5G', 53.56820, -113.48200),
(92, 'AB', 'T5H', 53.55500, -113.48200),
(93, 'AB', 'T5J', 53.54210, -113.49900),
(94, 'AB', 'T5K', 53.53500, -113.50100),
(95, 'AB', 'T5L', 53.58010, -113.54100),
(96, 'AB', 'T5M', 53.56140, -113.54600),
(97, 'AB', 'T5N', 53.54950, -113.54500),
(98, 'AB', 'T5P', 53.55290, -113.58400),
(99, 'AB', 'T5R', 53.52240, -113.57600),
(100, 'AB', 'T5S', 53.54160, -113.62500),
(101, 'AB', 'T5T', 53.51570, -113.63400),
(102, 'AB', 'T5V', 53.58000, -113.58700),
(103, 'AB', 'T5W', 53.57050, -113.40400),
(104, 'AB', 'T5X', 53.60720, -113.51800),
(105, 'AB', 'T5Y', 53.60260, -113.38400),
(106, 'AB', 'T5Z', 53.59660, -113.48800),
(107, 'AB', 'T6A', 53.54830, -113.40800),
(108, 'AB', 'T6B', 53.53220, -113.44000),
(109, 'AB', 'T6C', 53.51820, -113.47700),
(110, 'AB', 'T6E', 53.50870, -113.50800),
(111, 'AB', 'T6G', 53.52480, -113.53300),
(112, 'AB', 'T6H', 53.48390, -113.52300),
(113, 'AB', 'T6J', 53.48220, -113.52700),
(114, 'AB', 'T6K', 53.48160, -113.46200),
(115, 'AB', 'T6L', 53.46810, -113.43400),
(116, 'AB', 'T6M', 53.49670, -113.61600),
(117, 'AB', 'T6N', 53.45800, -113.48300),
(118, 'AB', 'T6P', 53.49960, -113.36800),
(119, 'AB', 'T6R', 53.47820, -113.58700),
(120, 'AB', 'T6S', 53.57290, -113.35200),
(121, 'AB', 'T6T', 53.47680, -113.36600),
(122, 'AB', 'T6V', 53.62020, -113.54300),
(123, 'AB', 'T6W', 53.41290, -113.49600),
(124, 'AB', 'T6X', 53.41540, -113.49200),
(125, 'AB', 'T7A', 53.21650, -114.98900),
(126, 'AB', 'T7E', 53.59080, -116.41000),
(127, 'AB', 'T7N', 54.11360, -114.39300),
(128, 'AB', 'T7P', 54.16600, -113.84500),
(129, 'AB', 'T7S', 54.14070, -115.68700),
(130, 'AB', 'T7V', 53.39810, -117.55500),
(131, 'AB', 'T7X', 53.54900, -113.89900),
(132, 'AB', 'T7Y', 53.44950, -113.71400),
(133, 'AB', 'T7Z', 53.52020, -114.01300),
(134, 'AB', 'T8A', 53.51900, -113.32200),
(135, 'AB', 'T8B', 53.44820, -113.27100),
(136, 'AB', 'T8C', 53.41620, -113.14800),
(137, 'AB', 'T8E', 53.45480, -113.05000),
(138, 'AB', 'T8G', 53.47490, -112.95100),
(139, 'AB', 'T8H', 53.54620, -113.25600),
(140, 'AB', 'T8L', 53.69160, -113.22900),
(141, 'AB', 'T8N', 53.61990, -113.63800),
(142, 'AB', 'T8R', 53.79030, -113.64600),
(143, 'AB', 'T8S', 56.25390, -117.28500),
(144, 'AB', 'T8V', 55.17260, -118.80000),
(145, 'AB', 'T8W', 55.13890, -118.77300),
(146, 'AB', 'T8X', 55.17490, -118.76300),
(147, 'AB', 'T9A', 52.97410, -113.36500),
(148, 'AB', 'T9C', 53.48740, -112.06400),
(149, 'AB', 'T9E', 53.25240, -113.53900),
(150, 'AB', 'T9G', 53.36320, -113.72900),
(151, 'AB', 'T9H', 56.69770, -111.33900),
(152, 'AB', 'T9J', 56.70570, -111.37200),
(153, 'AB', 'T9K', 56.72730, -111.43600),
(154, 'AB', 'T9M', 54.41270, -110.21600),
(155, 'AB', 'T9N', 54.26780, -110.73200),
(156, 'AB', 'T9S', 54.71390, -113.29400),
(157, 'AB', 'T9V', 53.27860, -110.02300),
(158, 'AB', 'T9W', 52.84030, -110.87000),
(159, 'AB', 'T9X', 53.35150, -110.84500),
(160, 'BC', 'V0A', 50.54020, -116.00200),
(161, 'BC', 'V0B', 49.45390, -116.76300),
(162, 'BC', 'V0C', 56.24780, -120.84900),
(163, 'BC', 'V0E', 50.96470, -119.16400),
(164, 'BC', 'V0G', 49.73320, -116.91300),
(165, 'BC', 'V0H', 49.23570, -119.01200),
(166, 'BC', 'V0J', 55.20460, -129.08299),
(167, 'BC', 'V0K', 50.73720, -121.27100),
(168, 'BC', 'V0L', 52.40180, -124.02300),
(169, 'BC', 'V0M', 49.23410, -121.77100),
(170, 'BC', 'V0N', 50.58990, -126.95200),
(171, 'BC', 'V0P', 50.89800, -124.86300),
(172, 'BC', 'V0R', 49.28180, -126.06300),
(173, 'BC', 'V0S', 48.57880, -123.46400),
(174, 'BC', 'V0T', 54.79920, -130.07800),
(175, 'BC', 'V0V', 53.42420, -129.26300),
(176, 'BC', 'V0W', 59.48080, -133.63100),
(177, 'BC', 'V0X', 49.05380, -122.47600),
(178, 'BC', 'V1A', 49.66260, -115.96700),
(179, 'BC', 'V1B', 50.21580, -119.27100),
(180, 'BC', 'V1C', 49.51200, -115.77000),
(181, 'BC', 'V1E', 50.69470, -119.29100),
(182, 'BC', 'V1G', 55.77410, -120.25300),
(183, 'BC', 'V1H', 50.26290, -119.30400),
(184, 'BC', 'V1J', 56.23060, -120.82800),
(185, 'BC', 'V1K', 50.10760, -120.77500),
(186, 'BC', 'V1L', 49.48320, -117.30300),
(187, 'BC', 'V1M', 49.16400, -122.65600),
(188, 'BC', 'V1N', 49.32980, -117.66100),
(189, 'BC', 'V1P', 49.88080, -119.36500),
(190, 'BC', 'V1R', 49.11350, -117.71600),
(191, 'BC', 'V1S', 50.65530, -120.38100),
(192, 'BC', 'V1T', 50.25330, -119.28000),
(193, 'BC', 'V1V', 49.92900, -119.46800),
(194, 'BC', 'V1W', 49.84200, -119.49000),
(195, 'BC', 'V1X', 49.87540, -119.39600),
(196, 'BC', 'V1Y', 49.88030, -119.50000),
(197, 'BC', 'V1Z', 49.88000, -119.53500),
(198, 'BC', 'V2A', 49.50310, -119.59000),
(199, 'BC', 'V2B', 50.69030, -120.36300),
(200, 'BC', 'V2C', 50.67640, -120.34000),
(201, 'BC', 'V2E', 50.65980, -120.38400),
(202, 'BC', 'V2G', 52.12760, -122.12700),
(203, 'BC', 'V2H', 50.69020, -120.04600),
(204, 'BC', 'V2J', 52.96920, -122.50600),
(205, 'BC', 'V2K', 53.93130, -122.78200),
(206, 'BC', 'V2L', 53.91120, -122.72800),
(207, 'BC', 'V2M', 53.92800, -122.78800),
(208, 'BC', 'V2N', 53.91030, -122.78400),
(209, 'BC', 'V2P', 49.15510, -121.94600),
(210, 'BC', 'V2R', 49.14090, -121.96200),
(211, 'BC', 'V2S', 49.03120, -122.30100),
(212, 'BC', 'V2T', 49.03820, -122.33500),
(213, 'BC', 'V2V', 49.13370, -122.34300),
(214, 'BC', 'V2W', 49.22010, -122.49800),
(215, 'BC', 'V2X', 49.20070, -122.66400),
(216, 'BC', 'V2Y', 49.11750, -122.66800),
(217, 'BC', 'V2Z', 49.05010, -122.67400),
(218, 'BC', 'V3A', 49.07640, -122.68000),
(219, 'BC', 'V3B', 49.27330, -122.79700),
(220, 'BC', 'V3C', 49.23340, -122.77000),
(221, 'BC', 'V3E', 49.27960, -122.81100),
(222, 'BC', 'V3G', 49.06250, -122.24600),
(223, 'BC', 'V3H', 49.27070, -122.88300),
(224, 'BC', 'V3J', 49.25360, -122.90900),
(225, 'BC', 'V3K', 49.23580, -122.86900),
(226, 'BC', 'V3L', 49.21360, -122.89500),
(227, 'BC', 'V3M', 49.20070, -122.90700),
(228, 'BC', 'V3N', 49.22010, -122.94800),
(229, 'BC', 'V3R', 49.16410, -122.81900),
(230, 'BC', 'V3S', 49.10110, -122.81400),
(231, 'BC', 'V3T', 49.17830, -122.86700),
(232, 'BC', 'V3V', 49.16470, -122.84900),
(233, 'BC', 'V3W', 49.09920, -122.86900),
(234, 'BC', 'V3X', 49.11730, -122.82300),
(235, 'BC', 'V3Y', 49.22730, -122.68800),
(236, 'BC', 'V4A', 49.01680, -122.77400),
(237, 'BC', 'V4B', 49.02680, -122.83700),
(238, 'BC', 'V4C', 49.13480, -122.91300),
(239, 'BC', 'V4E', 49.04820, -122.95900),
(240, 'BC', 'V4G', 49.13670, -123.01100),
(241, 'BC', 'V4K', 49.07980, -123.08800),
(242, 'BC', 'V4L', 49.00230, -123.03700),
(243, 'BC', 'V4M', 49.00250, -123.07500),
(244, 'BC', 'V4N', 49.16360, -122.76800),
(245, 'BC', 'V4P', 49.04990, -122.80400),
(246, 'BC', 'V4R', 49.22250, -122.49800),
(247, 'BC', 'V4S', 49.15890, -122.30900),
(248, 'BC', 'V4T', 49.83800, -119.66700),
(249, 'BC', 'V4V', 50.07340, -119.44400),
(250, 'BC', 'V4W', 49.13070, -122.53700),
(251, 'BC', 'V4X', 49.00240, -122.44200),
(252, 'BC', 'V4Z', 49.14600, -121.94300),
(253, 'BC', 'V5A', 49.28690, -122.95800),
(254, 'BC', 'V5B', 49.28460, -122.99100),
(255, 'BC', 'V5C', 49.28480, -123.02200),
(256, 'BC', 'V5E', 49.21240, -122.97000),
(257, 'BC', 'V5G', 49.25910, -123.02300),
(258, 'BC', 'V5H', 49.23710, -123.02300),
(259, 'BC', 'V5J', 49.22180, -123.02200),
(260, 'BC', 'V5K', 49.29300, -123.04900),
(261, 'BC', 'V5L', 49.28350, -123.07900),
(262, 'BC', 'V5M', 49.26950, -123.05600),
(263, 'BC', 'V5N', 49.26990, -123.07600),
(264, 'BC', 'V5P', 49.23930, -123.07300),
(265, 'BC', 'V5R', 49.24990, -123.05600),
(266, 'BC', 'V5S', 49.22860, -123.05700),
(267, 'BC', 'V5T', 49.27010, -123.10400),
(268, 'BC', 'V5V', 49.25580, -123.10400),
(269, 'BC', 'V5W', 49.23960, -123.09800),
(270, 'BC', 'V5X', 49.22490, -123.10500),
(271, 'BC', 'V5Y', 49.27020, -123.10200),
(272, 'BC', 'V5Z', 49.26580, -123.11500),
(273, 'BC', 'V6A', 49.28620, -123.09200),
(274, 'BC', 'V6B', 49.28360, -123.10400),
(275, 'BC', 'V6C', 49.28570, -123.11400),
(276, 'BC', 'V6E', 49.28480, -123.12300),
(277, 'BC', 'V6G', 49.28900, -123.12900),
(278, 'BC', 'V6H', 49.26610, -123.12800),
(279, 'BC', 'V6J', 49.27680, -123.14700),
(280, 'BC', 'V6K', 49.27380, -123.16100),
(281, 'BC', 'V6L', 49.25710, -123.16600),
(282, 'BC', 'V6M', 49.24170, -123.12900),
(283, 'BC', 'V6N', 49.23760, -123.16400),
(284, 'BC', 'V6P', 49.22540, -123.11800),
(285, 'BC', 'V6R', 49.27300, -123.18500),
(286, 'BC', 'V6S', 49.25740, -123.18400),
(287, 'BC', 'V6T', 49.27650, -123.21800),
(288, 'BC', 'V6V', 49.16990, -123.09100),
(289, 'BC', 'V6W', 49.12610, -123.09000),
(290, 'BC', 'V6X', 49.17010, -123.14400),
(291, 'BC', 'V6Y', 49.14830, -123.14700),
(292, 'BC', 'V6Z', 49.28140, -123.12000),
(293, 'BC', 'V7A', 49.14670, -123.14600),
(294, 'BC', 'V7B', 49.17800, -123.17000),
(295, 'BC', 'V7C', 49.17450, -123.19800),
(296, 'BC', 'V7E', 49.14760, -123.19000),
(297, 'BC', 'V7G', 49.30400, -122.96900),
(298, 'BC', 'V7H', 49.30110, -123.02100),
(299, 'BC', 'V7J', 49.30160, -123.03100),
(300, 'BC', 'V7K', 49.33220, -123.05200),
(301, 'BC', 'V7L', 49.30420, -123.06500),
(302, 'BC', 'V7M', 49.31110, -123.08000),
(303, 'BC', 'V7N', 49.33250, -123.06700),
(304, 'BC', 'V7P', 49.31810, -123.09600),
(305, 'BC', 'V7R', 49.33280, -123.10400),
(306, 'BC', 'V7S', 49.35850, -123.11900),
(307, 'BC', 'V7T', 49.32400, -123.10400),
(308, 'BC', 'V7V', 49.32710, -123.15800),
(309, 'BC', 'V7W', 49.34650, -123.23800),
(310, 'BC', 'V7X', 49.29350, -123.11600),
(311, 'BC', 'V7Y', 49.28160, -123.12500),
(312, 'BC', 'V8A', 49.80210, -124.51200),
(313, 'BC', 'V8C', 54.06620, -128.65100),
(314, 'BC', 'V8G', 54.50580, -128.58200),
(315, 'BC', 'V8J', 54.31460, -130.34100),
(316, 'BC', 'V8K', 48.91450, -123.56600),
(317, 'BC', 'V8L', 48.61280, -123.42000),
(318, 'BC', 'V8M', 48.56600, -123.45800),
(319, 'BC', 'V8N', 48.47100, -123.34400),
(320, 'BC', 'V8P', 48.44580, -123.33300),
(321, 'BC', 'V8R', 48.42660, -123.34400),
(322, 'BC', 'V8S', 48.40610, -123.35000),
(323, 'BC', 'V8T', 48.42780, -123.35700),
(324, 'BC', 'V8V', 48.41920, -123.38600),
(325, 'BC', 'V8W', 48.42020, -123.36700),
(326, 'BC', 'V8X', 48.44880, -123.35000),
(327, 'BC', 'V8Y', 48.50100, -123.38000),
(328, 'BC', 'V8Z', 48.44490, -123.37400),
(329, 'BC', 'V9A', 48.44900, -123.38400),
(330, 'BC', 'V9B', 48.45190, -123.44200),
(331, 'BC', 'V9C', 48.45440, -123.45800),
(332, 'BC', 'V9E', 48.46330, -123.45400),
(333, 'BC', 'V9G', 50.08900, -125.34400),
(334, 'BC', 'V9H', 49.91640, -125.18800),
(335, 'BC', 'V9J', 49.86840, -125.12500),
(336, 'BC', 'V9K', 49.35060, -124.40900),
(337, 'BC', 'V9L', 48.77680, -123.70800),
(338, 'BC', 'V9M', 49.67280, -124.94700),
(339, 'BC', 'V9N', 49.68600, -125.01900),
(340, 'BC', 'V9P', 49.32330, -124.32300),
(341, 'BC', 'V9R', 49.13600, -123.94800),
(342, 'BC', 'V9S', 49.17400, -123.94200),
(343, 'BC', 'V9T', 49.20790, -123.97900),
(344, 'BC', 'V9V', 49.24770, -124.05000),
(345, 'BC', 'V9W', 50.00590, -125.23400),
(346, 'BC', 'V9X', 49.12070, -123.92800),
(347, 'BC', 'V9Y', 49.21970, -124.81000),
(348, 'MB', 'R0A', 49.05630, -96.11260),
(349, 'MB', 'R0B', 55.82440, -98.83480),
(350, 'MB', 'R0C', 50.70110, -97.14620),
(351, 'MB', 'R0E', 50.42750, -95.34390),
(352, 'MB', 'R0G', 49.06980, -98.76190),
(353, 'MB', 'R0H', 49.72230, -99.00090),
(354, 'MB', 'R0J', 50.77740, -99.55460),
(355, 'MB', 'R0K', 49.06940, -99.52700),
(356, 'MB', 'R0L', 52.41750, -100.95800),
(357, 'MB', 'R0M', 50.02260, -101.36400),
(358, 'MB', 'R1A', 50.14830, -96.87560),
(359, 'MB', 'R1B', 50.09580, -96.93290),
(360, 'MB', 'R1N', 49.96940, -98.31310),
(361, 'MB', 'R2C', 49.90690, -97.00110),
(362, 'MB', 'R2E', 49.96110, -97.02120),
(363, 'MB', 'R2G', 49.94650, -97.05850),
(364, 'MB', 'R2H', 49.87920, -97.10620),
(365, 'MB', 'R2J', 49.87170, -97.07650),
(366, 'MB', 'R2K', 49.92250, -97.09470),
(367, 'MB', 'R2L', 49.90690, -97.08450),
(368, 'MB', 'R2M', 49.85300, -97.09980),
(369, 'MB', 'R2N', 49.81900, -97.09260),
(370, 'MB', 'R2P', 49.95850, -97.17960),
(371, 'MB', 'R2R', 49.93240, -97.19880),
(372, 'MB', 'R2V', 49.93780, -97.11830),
(373, 'MB', 'R2W', 49.92410, -97.12920),
(374, 'MB', 'R2X', 49.92800, -97.16180),
(375, 'MB', 'R2Y', 49.89630, -97.29700),
(376, 'MB', 'R3A', 49.90040, -97.14570),
(377, 'MB', 'R3B', 49.89720, -97.13660),
(378, 'MB', 'R3C', 49.87880, -97.15900),
(379, 'MB', 'R3E', 49.91390, -97.18470),
(380, 'MB', 'R3G', 49.88260, -97.16230),
(381, 'MB', 'R3H', 49.89710, -97.21630),
(382, 'MB', 'R3J', 49.88580, -97.26010),
(383, 'MB', 'R3K', 49.88110, -97.31940),
(384, 'MB', 'R3L', 49.86710, -97.12250),
(385, 'MB', 'R3M', 49.86630, -97.16390),
(386, 'MB', 'R3N', 49.87220, -97.18880),
(387, 'MB', 'R3P', 49.83400, -97.18650),
(388, 'MB', 'R3R', 49.85400, -97.27120),
(389, 'MB', 'R3S', 49.84200, -97.30830),
(390, 'MB', 'R3T', 49.84900, -97.14970),
(391, 'MB', 'R3V', 49.77320, -97.15610),
(392, 'MB', 'R3W', 49.89680, -97.02790),
(393, 'MB', 'R3X', 49.83780, -97.06750),
(394, 'MB', 'R3Y', 49.82750, -97.18300),
(395, 'MB', 'R4A', 49.97700, -97.06330),
(396, 'MB', 'R4H', 49.86280, -97.33480),
(397, 'MB', 'R4J', 49.89870, -97.38430),
(398, 'MB', 'R4K', 49.82980, -97.75490),
(399, 'MB', 'R4L', 49.89430, -97.51780),
(400, 'MB', 'R5A', 49.70820, -96.98670),
(401, 'MB', 'R5G', 49.52640, -96.68670),
(402, 'MB', 'R5H', 49.66670, -96.64800),
(403, 'MB', 'R6M', 49.18610, -98.12040),
(404, 'MB', 'R6W', 49.18590, -97.93960),
(405, 'MB', 'R7A', 49.84310, -99.94520),
(406, 'MB', 'R7B', 49.83730, -99.97470),
(407, 'MB', 'R7C', 49.86880, -99.96840),
(408, 'MB', 'R7N', 51.14650, -100.04200),
(409, 'MB', 'R8A', 54.76000, -101.87000),
(410, 'MB', 'R8N', 55.74280, -97.87790),
(411, 'MB', 'R9A', 53.82280, -101.23600),
(412, 'NB', 'E1A', 46.06250, -64.71050),
(413, 'NB', 'E1B', 46.07380, -64.75500),
(414, 'NB', 'E1C', 46.08880, -64.77230),
(415, 'NB', 'E1E', 46.05990, -64.84400),
(416, 'NB', 'E1G', 46.11170, -64.83400),
(417, 'NB', 'E1H', 46.15060, -64.67990),
(418, 'NB', 'E1J', 45.98290, -64.86340),
(419, 'NB', 'E1N', 47.01550, -65.50710),
(420, 'NB', 'E1V', 47.00850, -65.58330),
(421, 'NB', 'E1W', 47.76240, -65.03240),
(422, 'NB', 'E1X', 47.48830, -64.91890),
(423, 'NB', 'E2A', 47.66050, -65.64140),
(424, 'NB', 'E2E', 45.41650, -65.99130),
(425, 'NB', 'E2G', 45.43970, -65.93920),
(426, 'NB', 'E2H', 45.34810, -66.01860),
(427, 'NB', 'E2J', 45.28600, -66.04210),
(428, 'NB', 'E2K', 45.27460, -66.08710),
(429, 'NB', 'E2L', 45.27420, -66.06450),
(430, 'NB', 'E2M', 45.27580, -66.08450),
(431, 'NB', 'E2N', 45.31510, -65.96150),
(432, 'NB', 'E2P', 45.24880, -66.00250),
(433, 'NB', 'E2R', 45.27350, -66.00990),
(434, 'NB', 'E2S', 45.36790, -65.95640),
(435, 'NB', 'E2V', 45.85090, -66.46700),
(436, 'NB', 'E3A', 45.97840, -66.69050),
(437, 'NB', 'E3B', 45.95350, -66.67040),
(438, 'NB', 'E3C', 45.93560, -66.66090),
(439, 'NB', 'E3E', 45.81340, -66.93200),
(440, 'NB', 'E3L', 45.17280, -67.29460),
(441, 'NB', 'E3N', 48.00910, -66.67070),
(442, 'NB', 'E3V', 47.36140, -68.32180),
(443, 'NB', 'E3Y', 47.05200, -67.73680),
(444, 'NB', 'E3Z', 47.04710, -67.75270),
(445, 'NB', 'E4A', 46.16550, -65.87200),
(446, 'NB', 'E4B', 45.93930, -66.09000),
(447, 'NB', 'E4C', 45.80800, -65.96520),
(448, 'NB', 'E4E', 45.72230, -65.51080),
(449, 'NB', 'E4G', 45.90780, -65.53340),
(450, 'NB', 'E4H', 45.90780, -64.82450),
(451, 'NB', 'E4J', 45.97870, -64.98980),
(452, 'NB', 'E4K', 46.04770, -64.62020),
(453, 'NB', 'E4L', 45.89190, -64.36990),
(454, 'NB', 'E4M', 46.09570, -63.90680),
(455, 'NB', 'E4N', 46.23130, -64.26150),
(456, 'NB', 'E4P', 46.21650, -64.51280),
(457, 'NB', 'E4R', 46.23240, -64.78500),
(458, 'NB', 'E4S', 46.41710, -64.92410),
(459, 'NB', 'E4T', 46.30260, -64.96480),
(460, 'NB', 'E4V', 46.31310, -64.58530),
(461, 'NB', 'E4W', 46.64930, -64.88420),
(462, 'NB', 'E4X', 46.73500, -64.97440),
(463, 'NB', 'E4Y', 46.73330, -65.44890),
(464, 'NB', 'E4Z', 45.75100, -65.04800),
(465, 'NB', 'E5A', 45.24410, -66.99290),
(466, 'NB', 'E5B', 45.07320, -67.04280),
(467, 'NB', 'E5C', 45.24410, -66.99290),
(468, 'NB', 'E5E', 44.88700, -66.95000),
(469, 'NB', 'E5G', 44.65860, -66.86250),
(470, 'NB', 'E5H', 45.07660, -66.77000),
(471, 'NB', 'E5J', 45.21160, -66.34910),
(472, 'NB', 'E5K', 45.33100, -66.20950),
(473, 'NB', 'E5L', 45.52810, -66.51100),
(474, 'NB', 'E5M', 45.62870, -66.17510),
(475, 'NB', 'E5N', 45.52630, -65.81550),
(476, 'NB', 'E5P', 45.84890, -65.78800),
(477, 'NB', 'E5R', 45.38490, -65.63310),
(478, 'NB', 'E5S', 45.35710, -66.08580),
(479, 'NB', 'E5T', 45.67690, -65.88400),
(480, 'NB', 'E5V', 45.04810, -66.95560),
(481, 'NB', 'E6A', 46.27670, -66.73840),
(482, 'NB', 'E6B', 46.23240, -66.66830),
(483, 'NB', 'E6C', 45.95230, -66.67170),
(484, 'NB', 'E6E', 46.12960, -67.19530),
(485, 'NB', 'E6G', 45.99420, -67.23970),
(486, 'NB', 'E6H', 45.72070, -67.65160),
(487, 'NB', 'E6J', 45.59270, -67.29730),
(488, 'NB', 'E6K', 45.69750, -66.95570),
(489, 'NB', 'E6L', 46.12000, -66.94770),
(490, 'NB', 'E7A', 47.25420, -68.72110),
(491, 'NB', 'E7B', 47.47850, -68.41500),
(492, 'NB', 'E7C', 47.35160, -68.22080),
(493, 'NB', 'E7E', 47.17170, -67.92500),
(494, 'NB', 'E7G', 46.90970, -67.39710),
(495, 'NB', 'E7H', 46.72840, -67.70570),
(496, 'NB', 'E7J', 46.50820, -67.58710),
(497, 'NB', 'E7K', 46.43280, -67.71050),
(498, 'NB', 'E7L', 46.44180, -67.63000),
(499, 'NB', 'E7M', 46.13680, -67.58170),
(500, 'NB', 'E7N', 46.00890, -67.72360),
(501, 'NB', 'E7P', 46.37090, -67.44500),
(502, 'NB', 'E8A', 47.50210, -67.38970),
(503, 'NB', 'E8B', 47.64540, -67.34370),
(504, 'NB', 'E8C', 48.04770, -66.40040),
(505, 'NB', 'E8E', 47.98790, -66.51450),
(506, 'NB', 'E8G', 47.87410, -65.91020),
(507, 'NB', 'E8J', 47.76340, -65.82760),
(508, 'NB', 'E8K', 47.67360, -65.67950),
(509, 'NB', 'E8L', 47.58870, -65.09790),
(510, 'NB', 'E8M', 47.80220, -65.18620),
(511, 'NB', 'E8N', 47.82190, -65.09170),
(512, 'NB', 'E8P', 47.66560, -64.95430),
(513, 'NB', 'E8R', 47.74430, -64.72220),
(514, 'NB', 'E8S', 47.74560, -64.71430),
(515, 'NB', 'E8T', 47.79200, -64.65200),
(516, 'NB', 'E9A', 46.73850, -65.85280),
(517, 'NB', 'E9B', 46.77720, -65.86380),
(518, 'NB', 'E9C', 46.44770, -66.25840),
(519, 'NB', 'E9E', 46.97950, -65.67150),
(520, 'NB', 'E9G', 47.23160, -65.13780),
(521, 'NB', 'E9H', 47.32720, -65.01100),
(522, 'NL', 'A0A', 47.00730, -52.95890),
(523, 'NL', 'A0B', 47.76090, -53.98340),
(524, 'NL', 'A0C', 48.34640, -53.96460),
(525, 'NL', 'A0E', 47.35970, -54.89840),
(526, 'NL', 'A0G', 49.45360, -54.10450),
(527, 'NL', 'A0H', 49.13010, -56.08450),
(528, 'NL', 'A0J', 49.59590, -55.67390),
(529, 'NL', 'A0K', 51.23270, -56.79690),
(530, 'NL', 'A0L', 48.99340, -58.10090),
(531, 'NL', 'A0M', 48.18160, -58.85800),
(532, 'NL', 'A0N', 48.61130, -58.87360),
(533, 'NL', 'A0P', 55.88890, -60.88050),
(534, 'NL', 'A0R', 53.53290, -64.01450),
(535, 'NL', 'A1A', 47.57100, -52.69610),
(536, 'NL', 'A1B', 47.57360, -52.70830),
(537, 'NL', 'A1C', 47.56770, -52.70310),
(538, 'NL', 'A1E', 47.55070, -52.71470),
(539, 'NL', 'A1G', 47.52950, -52.74170),
(540, 'NL', 'A1H', 47.49260, -52.81230),
(541, 'NL', 'A1K', 47.65420, -52.73670),
(542, 'NL', 'A1L', 47.53630, -52.83890),
(543, 'NL', 'A1M', 47.59820, -52.83840),
(544, 'NL', 'A1N', 47.52030, -52.77890),
(545, 'NL', 'A1S', 47.46200, -52.78950),
(546, 'NL', 'A1V', 48.96320, -54.61690),
(547, 'NL', 'A1W', 47.53290, -52.91320),
(548, 'NL', 'A1X', 47.52380, -52.95950),
(549, 'NL', 'A1Y', 48.92680, -55.66130),
(550, 'NL', 'A2A', 48.92490, -55.64930),
(551, 'NL', 'A2B', 48.94900, -55.67250),
(552, 'NL', 'A2H', 48.96540, -57.92250),
(553, 'NL', 'A2N', 48.56560, -58.60000),
(554, 'NL', 'A2V', 52.93480, -66.91450),
(555, 'NL', 'A5A', 48.16660, -53.96280),
(556, 'NL', 'A8A', 49.17780, -57.41300),
(557, 'NS', 'B0C', 46.28110, -60.28250),
(558, 'NS', 'B0E', 45.51480, -60.96600),
(559, 'NS', 'B0H', 45.60510, -61.69750),
(560, 'NS', 'B0J', 45.14580, -61.81080),
(561, 'NS', 'B0K', 45.58080, -62.19690),
(562, 'NS', 'B0L', 45.58020, -64.66460),
(563, 'NS', 'B0M', 45.33170, -64.75960),
(564, 'NS', 'B0N', 44.87940, -63.72540),
(565, 'NS', 'B0P', 45.01910, -64.88820),
(566, 'NS', 'B0R', 44.74240, -65.51110),
(567, 'NS', 'B0S', 44.64910, -65.54720),
(568, 'NS', 'B0T', 43.70290, -65.11190),
(569, 'NS', 'B0V', 44.03000, -65.94450),
(570, 'NS', 'B0W', 43.81870, -65.95170),
(571, 'NS', 'B1A', 46.17940, -59.94770),
(572, 'NS', 'B1B', 46.13650, -59.87170),
(573, 'NS', 'B1C', 46.21520, -60.24520),
(574, 'NS', 'B1E', 46.20030, -60.02150),
(575, 'NS', 'B1G', 46.20630, -60.02550),
(576, 'NS', 'B1H', 46.22950, -60.09410),
(577, 'NS', 'B1J', 45.83650, -60.44350),
(578, 'NS', 'B1K', 46.13090, -60.18640),
(579, 'NS', 'B1L', 46.09110, -60.24620),
(580, 'NS', 'B1M', 46.16900, -60.10130),
(581, 'NS', 'B1N', 46.16700, -60.19430),
(582, 'NS', 'B1P', 46.13370, -60.19390),
(583, 'NS', 'B1R', 46.12240, -60.22360),
(584, 'NS', 'B1S', 46.13340, -60.19470),
(585, 'NS', 'B1T', 46.11220, -60.23720),
(586, 'NS', 'B1V', 46.23830, -60.21650),
(587, 'NS', 'B1W', 45.92450, -60.64490),
(588, 'NS', 'B1X', 46.26670, -60.43330),
(589, 'NS', 'B1Y', 46.18110, -60.50670),
(590, 'NS', 'B2A', 46.23970, -60.09980),
(591, 'NS', 'B2C', 45.62180, -62.00040),
(592, 'NS', 'B2E', 45.62720, -61.99770),
(593, 'NS', 'B2G', 45.62430, -61.99960),
(594, 'NS', 'B2H', 45.59370, -62.65850),
(595, 'NS', 'B2J', 45.37470, -63.29510),
(596, 'NS', 'B2N', 45.34860, -63.30290),
(597, 'NS', 'B2R', 44.74310, -63.51440),
(598, 'NS', 'B2S', 44.97750, -63.42090),
(599, 'NS', 'B2T', 44.84880, -63.59990),
(600, 'NS', 'B2V', 44.66900, -63.50190),
(601, 'NS', 'B2W', 44.64490, -63.54330),
(602, 'NS', 'B2X', 44.68290, -63.54420),
(603, 'NS', 'B2Y', 44.73140, -63.64820),
(604, 'NS', 'B2Z', 44.71040, -63.47590),
(605, 'NS', 'B3A', 44.66630, -63.57630),
(606, 'NS', 'B3B', 44.68860, -63.60760),
(607, 'NS', 'B3E', 44.72270, -63.39730),
(608, 'NS', 'B3G', 44.61560, -63.49290),
(609, 'NS', 'B3H', 44.62240, -63.57360),
(610, 'NS', 'B3J', 44.64100, -63.56820),
(611, 'NS', 'B3K', 44.65140, -63.58180),
(612, 'NS', 'B3L', 44.64640, -63.59290),
(613, 'NS', 'B3M', 44.66170, -63.62910),
(614, 'NS', 'B3N', 44.63270, -63.62190),
(615, 'NS', 'B3P', 44.62840, -63.59600),
(616, 'NS', 'B3R', 44.58290, -63.56710),
(617, 'NS', 'B3S', 44.64080, -63.67230),
(618, 'NS', 'B3T', 44.64040, -63.68880),
(619, 'NS', 'B3V', 44.56820, -63.61770),
(620, 'NS', 'B3Z', 44.55390, -63.83070),
(621, 'NS', 'B4A', 44.70890, -63.66760),
(622, 'NS', 'B4B', 44.72350, -63.68990),
(623, 'NS', 'B4C', 44.77650, -63.68540),
(624, 'NS', 'B4E', 44.78030, -63.69160),
(625, 'NS', 'B4G', 44.80500, -63.66700),
(626, 'NS', 'B4H', 45.83530, -64.21820),
(627, 'NS', 'B4N', 45.08990, -64.49630),
(628, 'NS', 'B4P', 45.09170, -64.35990),
(629, 'NS', 'B4R', 44.36950, -64.51970),
(630, 'NS', 'B4V', 44.36830, -64.50600),
(631, 'NS', 'B5A', 43.82450, -66.12070),
(632, 'NS', 'B9A', 45.61200, -61.34860),
(633, 'ON', 'K0A', 45.19530, -76.14960),
(634, 'ON', 'K0B', 45.41310, -74.91480),
(635, 'ON', 'K0C', 45.22280, -75.03200),
(636, 'ON', 'K0E', 44.64780, -75.76560),
(637, 'ON', 'K0G', 45.01130, -75.64590),
(638, 'ON', 'K0H', 44.21660, -76.64550),
(639, 'ON', 'K0J', 45.39850, -78.08360),
(640, 'ON', 'K0K', 44.05940, -77.38600),
(641, 'ON', 'K0L', 44.83240, -77.93020),
(642, 'ON', 'K0M', 44.43800, -78.68280),
(643, 'ON', 'K1A', 45.42070, -75.70230),
(644, 'ON', 'K1B', 45.43250, -75.56240),
(645, 'ON', 'K1C', 45.48050, -75.52370),
(646, 'ON', 'K1E', 45.48820, -75.51990),
(647, 'ON', 'K1G', 45.41180, -75.63040),
(648, 'ON', 'K1H', 45.39380, -75.66390),
(649, 'ON', 'K1J', 45.42200, -75.63030),
(650, 'ON', 'K1K', 45.43540, -75.64750),
(651, 'ON', 'K1L', 45.44000, -75.65240),
(652, 'ON', 'K1M', 45.44610, -75.67440),
(653, 'ON', 'K1N', 45.31760, -75.89500),
(654, 'ON', 'K1P', 45.42300, -75.70200),
(655, 'ON', 'K1R', 45.40000, -75.72350),
(656, 'ON', 'K1S', 45.41270, -75.67420),
(657, 'ON', 'K1T', 45.35200, -75.64210),
(658, 'ON', 'K1V', 45.35230, -75.65120),
(659, 'ON', 'K1W', 45.43600, -75.54710),
(660, 'ON', 'K1X', 45.28840, -75.59920),
(661, 'ON', 'K1Y', 45.39900, -75.73040),
(662, 'ON', 'K1Z', 45.39560, -75.74620),
(663, 'ON', 'K2A', 45.37780, -75.76320),
(664, 'ON', 'K2B', 45.36790, -75.78880),
(665, 'ON', 'K2C', 45.35940, -75.75230),
(666, 'ON', 'K2E', 45.33530, -75.72090),
(667, 'ON', 'K2G', 45.32860, -75.77030),
(668, 'ON', 'K2H', 45.31550, -75.83700),
(669, 'ON', 'K2J', 45.28820, -75.75660),
(670, 'ON', 'K2K', 45.33390, -75.90980),
(671, 'ON', 'K2L', 45.31250, -75.88380),
(672, 'ON', 'K2M', 45.28840, -75.86480),
(673, 'ON', 'K2P', 45.41290, -75.69010),
(674, 'ON', 'K2R', 45.27760, -75.79020),
(675, 'ON', 'K2S', 45.25730, -75.91530),
(676, 'ON', 'K2T', 45.31210, -75.92170),
(677, 'ON', 'K2V', 45.30180, -75.90810),
(678, 'ON', 'K2W', 45.35640, -75.94450),
(679, 'ON', 'K4A', 45.47690, -75.48350),
(680, 'ON', 'K4B', 45.42510, -75.42880),
(681, 'ON', 'K4C', 45.51770, -75.41080),
(682, 'ON', 'K4K', 45.54150, -75.30620),
(683, 'ON', 'K4M', 45.22890, -75.68170),
(684, 'ON', 'K4P', 45.25800, -75.57620),
(685, 'ON', 'K4R', 45.25730, -75.36750),
(686, 'ON', 'K6A', 45.61010, -74.60850),
(687, 'ON', 'K6H', 45.01860, -74.71290),
(688, 'ON', 'K6J', 45.01490, -74.72790),
(689, 'ON', 'K6K', 45.06070, -74.75420),
(690, 'ON', 'K6T', 44.61800, -75.68950),
(691, 'ON', 'K6V', 44.59060, -75.68080),
(692, 'ON', 'K7A', 44.89950, -76.02100),
(693, 'ON', 'K7C', 45.13500, -76.13130),
(694, 'ON', 'K7G', 44.33190, -76.14710),
(695, 'ON', 'K7H', 44.90200, -76.24570),
(696, 'ON', 'K7K', 44.23220, -76.47990),
(697, 'ON', 'K7L', 44.23100, -76.47910),
(698, 'ON', 'K7M', 44.22740, -76.51340),
(699, 'ON', 'K7N', 44.22550, -76.62900),
(700, 'ON', 'K7P', 44.25070, -76.58280),
(701, 'ON', 'K7R', 44.25380, -76.94300),
(702, 'ON', 'K7S', 45.42380, -76.36240),
(703, 'ON', 'K7V', 45.47790, -76.67310),
(704, 'ON', 'K8A', 45.81730, -77.11740),
(705, 'ON', 'K8B', 45.81500, -77.11070),
(706, 'ON', 'K8H', 45.91510, -77.27540),
(707, 'ON', 'K8N', 44.16070, -77.36900),
(708, 'ON', 'K8P', 44.16050, -77.38460),
(709, 'ON', 'K8R', 44.13120, -77.45210),
(710, 'ON', 'K8V', 44.11060, -77.55690),
(711, 'ON', 'K9A', 43.98510, -78.16210),
(712, 'ON', 'K9H', 44.29900, -78.31450),
(713, 'ON', 'K9J', 44.27630, -78.31300),
(714, 'ON', 'K9K', 44.27900, -78.36590),
(715, 'ON', 'K9L', 44.32380, -78.30300),
(716, 'ON', 'K9V', 44.35120, -78.71920),
(717, 'ON', 'L0A', 44.18360, -78.55630),
(718, 'ON', 'L0B', 44.02860, -79.00150),
(719, 'ON', 'L0C', 44.03710, -79.19640),
(720, 'ON', 'L0E', 44.24060, -79.35700),
(721, 'ON', 'L0G', 44.15950, -79.87330),
(722, 'ON', 'L0H', 43.92820, -79.12010),
(723, 'ON', 'L0J', 43.77880, -79.49910),
(724, 'ON', 'L0K', 44.60720, -79.62910),
(725, 'ON', 'L0L', 44.15350, -79.86830),
(726, 'ON', 'L0M', 44.14760, -79.87200),
(727, 'ON', 'L0N', 43.85820, -80.06960),
(728, 'ON', 'L0P', 43.78820, -79.67540),
(729, 'ON', 'L0R', 43.16610, -80.07020),
(730, 'ON', 'L0S', 43.07960, -79.19900),
(731, 'ON', 'L1A', 43.94270, -78.29440),
(732, 'ON', 'L1B', 43.89660, -78.63090),
(733, 'ON', 'L1C', 43.90140, -78.67550),
(734, 'ON', 'L1E', 43.91400, -78.69250),
(735, 'ON', 'L1G', 43.89800, -78.86560),
(736, 'ON', 'L1H', 43.89730, -78.86410),
(737, 'ON', 'L1J', 43.85870, -78.83410),
(738, 'ON', 'L1K', 43.90910, -78.80880),
(739, 'ON', 'L1L', 43.95270, -78.87950),
(740, 'ON', 'L1M', 43.95610, -78.95560),
(741, 'ON', 'L1N', 43.85810, -78.93190),
(742, 'ON', 'L1P', 43.87440, -78.96380),
(743, 'ON', 'L1R', 43.90180, -78.93470),
(744, 'ON', 'L1S', 43.82650, -78.99910),
(745, 'ON', 'L1T', 43.86030, -79.04340),
(746, 'ON', 'L1V', 43.80870, -79.13070),
(747, 'ON', 'L1W', 43.81250, -79.08270),
(748, 'ON', 'L1X', 43.84490, -79.09960),
(749, 'ON', 'L1Y', 43.99030, -79.10040),
(750, 'ON', 'L1Z', 43.86270, -79.01360),
(751, 'ON', 'L2A', 42.88450, -78.93980),
(752, 'ON', 'L2E', 43.09390, -79.06990),
(753, 'ON', 'L2G', 43.09630, -79.07400),
(754, 'ON', 'L2H', 43.11480, -79.12380),
(755, 'ON', 'L2J', 43.11550, -79.09160),
(756, 'ON', 'L2M', 43.22370, -79.21910),
(757, 'ON', 'L2N', 43.17510, -79.23890),
(758, 'ON', 'L2P', 43.14180, -79.21330),
(759, 'ON', 'L2R', 43.17190, -79.22700),
(760, 'ON', 'L2S', 43.12750, -79.26310),
(761, 'ON', 'L2T', 43.13340, -79.19890),
(762, 'ON', 'L2V', 43.10170, -79.19970),
(763, 'ON', 'L2W', 43.17430, -79.27440),
(764, 'ON', 'L3B', 42.98590, -79.22320),
(765, 'ON', 'L3C', 42.99890, -79.24660),
(766, 'ON', 'L3K', 42.87540, -79.23700),
(767, 'ON', 'L3M', 43.20050, -79.62920),
(768, 'ON', 'L3P', 43.86050, -79.32790),
(769, 'ON', 'L3R', 43.86000, -79.36050),
(770, 'ON', 'L3S', 43.83100, -79.27680),
(771, 'ON', 'L3T', 43.79840, -79.41860),
(772, 'ON', 'L3V', 44.60390, -79.41260),
(773, 'ON', 'L3X', 44.04640, -79.48740),
(774, 'ON', 'L3Y', 44.04140, -79.45340),
(775, 'ON', 'L3Z', 44.12080, -79.56560),
(776, 'ON', 'L4A', 43.97070, -79.25030),
(777, 'ON', 'L4B', 43.84170, -79.40110),
(778, 'ON', 'L4C', 43.87590, -79.43810),
(779, 'ON', 'L4E', 43.94230, -79.45950),
(780, 'ON', 'L4G', 43.99090, -79.46390),
(781, 'ON', 'L4H', 43.80840, -79.60890),
(782, 'ON', 'L4J', 43.79640, -79.42780),
(783, 'ON', 'L4K', 43.78480, -79.48110),
(784, 'ON', 'L4L', 43.78860, -79.59190),
(785, 'ON', 'L4M', 44.38850, -79.68860),
(786, 'ON', 'L4N', 44.38910, -79.69010),
(787, 'ON', 'L4P', 44.24210, -79.48180),
(788, 'ON', 'L4R', 44.75420, -79.90050),
(789, 'ON', 'L4S', 43.89750, -79.44150),
(790, 'ON', 'L4T', 43.69510, -79.65250),
(791, 'ON', 'L4V', 43.68790, -79.60720),
(792, 'ON', 'L4W', 43.62720, -79.62220),
(793, 'ON', 'L4X', 43.59960, -79.56640),
(794, 'ON', 'L4Y', 43.58540, -79.58300),
(795, 'ON', 'L4Z', 43.60920, -79.62010),
(796, 'ON', 'L5A', 43.57010, -79.59850),
(797, 'ON', 'L5B', 43.56650, -79.60350),
(798, 'ON', 'L5C', 43.55910, -79.61860),
(799, 'ON', 'L5E', 43.57100, -79.56680),
(800, 'ON', 'L5G', 43.55810, -79.57380),
(801, 'ON', 'L5H', 43.54720, -79.58500),
(802, 'ON', 'L5J', 43.51460, -79.60630),
(803, 'ON', 'L5K', 43.53190, -79.64030),
(804, 'ON', 'L5L', 43.53720, -79.66670),
(805, 'ON', 'L5M', 43.57470, -79.72780),
(806, 'ON', 'L5N', 43.58920, -79.72390),
(807, 'ON', 'L5P', 43.69040, -79.62380),
(808, 'ON', 'L5R', 43.59740, -79.64020),
(809, 'ON', 'L5S', 43.69750, -79.66150),
(810, 'ON', 'L5T', 43.65780, -79.66070),
(811, 'ON', 'L5V', 43.60970, -79.70400),
(812, 'ON', 'L5W', 43.62610, -79.72900),
(813, 'ON', 'L6A', 43.85700, -79.51400),
(814, 'ON', 'L6B', 43.88450, -79.23390),
(815, 'ON', 'L6C', 43.88420, -79.33590),
(816, 'ON', 'L6E', 43.89270, -79.26410),
(817, 'ON', 'L6G', 43.84780, -79.34470),
(818, 'ON', 'L6H', 43.45430, -79.69210),
(819, 'ON', 'L6J', 43.44270, -79.66640),
(820, 'ON', 'L6K', 43.44010, -79.66900),
(821, 'ON', 'L6L', 43.40370, -79.69340),
(822, 'ON', 'L6M', 43.44530, -79.70950),
(823, 'ON', 'L6P', 43.77940, -79.72840),
(824, 'ON', 'L6R', 43.74940, -79.75110),
(825, 'ON', 'L6S', 43.71530, -79.73210),
(826, 'ON', 'L6T', 43.68920, -79.70790),
(827, 'ON', 'L6V', 43.70740, -79.78530),
(828, 'ON', 'L6W', 43.67460, -79.72400),
(829, 'ON', 'L6X', 43.68580, -79.76020),
(830, 'ON', 'L6Y', 43.66990, -79.74440),
(831, 'ON', 'L6Z', 43.73040, -79.80420),
(832, 'ON', 'L7A', 43.70230, -79.79090),
(833, 'ON', 'L7B', 43.93270, -79.51040),
(834, 'ON', 'L7C', 43.74670, -79.83040),
(835, 'ON', 'L7E', 43.86280, -79.71470),
(836, 'ON', 'L7G', 43.64400, -79.87870),
(837, 'ON', 'L7J', 43.63400, -80.04910),
(838, 'ON', 'L7L', 43.34790, -79.75930),
(839, 'ON', 'L7M', 43.35850, -79.80930),
(840, 'ON', 'L7N', 43.33360, -79.77710),
(841, 'ON', 'L7P', 43.35030, -79.81170),
(842, 'ON', 'L7R', 43.32480, -79.79570),
(843, 'ON', 'L7S', 43.30400, -79.79910),
(844, 'ON', 'L7T', 43.30180, -79.84970),
(845, 'ON', 'L8E', 43.23180, -79.76960),
(846, 'ON', 'L8G', 43.22980, -79.77220),
(847, 'ON', 'L8H', 43.23690, -79.79910),
(848, 'ON', 'L8J', 43.19070, -79.78780),
(849, 'ON', 'L8K', 43.24240, -79.81920),
(850, 'ON', 'L8L', 43.26450, -79.86640),
(851, 'ON', 'L8M', 43.25220, -79.84890),
(852, 'ON', 'L8N', 43.25660, -79.86830),
(853, 'ON', 'L8P', 43.25700, -79.86970),
(854, 'ON', 'L8R', 43.25740, -79.86760),
(855, 'ON', 'L8S', 43.26040, -79.89610),
(856, 'ON', 'L8T', 43.23650, -79.83380),
(857, 'ON', 'L8V', 43.24280, -79.85240),
(858, 'ON', 'L8W', 43.21410, -79.86260),
(859, 'ON', 'L9A', 43.24100, -79.84520),
(860, 'ON', 'L9B', 43.21160, -79.89150),
(861, 'ON', 'L9C', 43.24320, -79.87600),
(862, 'ON', 'L9G', 43.21990, -79.98740),
(863, 'ON', 'L9H', 43.26380, -79.95050),
(864, 'ON', 'L9K', 43.23590, -79.94030),
(865, 'ON', 'L9L', 44.09050, -78.94790),
(866, 'ON', 'L9M', 44.76720, -79.93850),
(867, 'ON', 'L9N', 44.13150, -79.48230),
(868, 'ON', 'L9P', 44.10650, -79.14270),
(869, 'ON', 'L9R', 44.15130, -79.87440),
(870, 'ON', 'L9S', 44.28710, -79.67030),
(871, 'ON', 'L9T', 43.50340, -79.87730),
(872, 'ON', 'L9V', 43.94710, -80.10910),
(873, 'ON', 'L9W', 43.92580, -80.10560),
(874, 'ON', 'L9Y', 44.50290, -80.21760),
(875, 'ON', 'L9Z', 44.52080, -80.01620),
(876, 'ON', 'M1B', 43.79760, -79.22700),
(877, 'ON', 'M1C', 43.78820, -79.19110),
(878, 'ON', 'M1E', 43.73850, -79.20210),
(879, 'ON', 'M1G', 43.75630, -79.22240),
(880, 'ON', 'M1H', 43.75630, -79.24170),
(881, 'ON', 'M1J', 43.73150, -79.24600),
(882, 'ON', 'M1K', 43.70250, -79.26560),
(883, 'ON', 'M1L', 43.69050, -79.28570),
(884, 'ON', 'M1M', 43.70410, -79.24460),
(885, 'ON', 'M1N', 43.67480, -79.27640),
(886, 'ON', 'M1P', 43.74220, -79.28180),
(887, 'ON', 'M1R', 43.72930, -79.30380),
(888, 'ON', 'M1S', 43.78070, -79.28550),
(889, 'ON', 'M1T', 43.77190, -79.32130),
(890, 'ON', 'M1V', 43.81300, -79.27810),
(891, 'ON', 'M1W', 43.78220, -79.32610),
(892, 'ON', 'M1X', 43.82750, -79.24370),
(893, 'ON', 'M2H', 43.78950, -79.37350),
(894, 'ON', 'M2J', 43.76850, -79.35840),
(895, 'ON', 'M2K', 43.76570, -79.38350),
(896, 'ON', 'M2L', 43.73520, -79.38180),
(897, 'ON', 'M2M', 43.78400, -79.42630),
(898, 'ON', 'M2N', 43.75210, -79.42020),
(899, 'ON', 'M2P', 43.73930, -79.40050),
(900, 'ON', 'M2R', 43.76480, -79.43250),
(901, 'ON', 'M3A', 43.73580, -79.32800),
(902, 'ON', 'M3B', 43.73630, -79.34980),
(903, 'ON', 'M3C', 43.71220, -79.32370),
(904, 'ON', 'M3H', 43.73870, -79.43370),
(905, 'ON', 'M3J', 43.74960, -79.48860),
(906, 'ON', 'M3K', 43.72710, -79.46660),
(907, 'ON', 'M3L', 43.71830, -79.51190),
(908, 'ON', 'M3M', 43.72000, -79.50850),
(909, 'ON', 'M3N', 43.73870, -79.51660),
(910, 'ON', 'M4A', 43.71590, -79.30370),
(911, 'ON', 'M4B', 43.69790, -79.29860),
(912, 'ON', 'M4C', 43.68000, -79.32180),
(913, 'ON', 'M4E', 43.66750, -79.29600),
(914, 'ON', 'M4G', 43.69180, -79.37080),
(915, 'ON', 'M4H', 43.70180, -79.35780),
(916, 'ON', 'M4J', 43.67130, -79.34120),
(917, 'ON', 'M4K', 43.66680, -79.35010),
(918, 'ON', 'M4L', 43.66200, -79.32810),
(919, 'ON', 'M4M', 43.65050, -79.33690),
(920, 'ON', 'M4N', 43.71680, -79.39980),
(921, 'ON', 'M4P', 43.70660, -79.39800),
(922, 'ON', 'M4R', 43.70660, -79.39960),
(923, 'ON', 'M4S', 43.69640, -79.39530),
(924, 'ON', 'M4T', 43.68250, -79.38970),
(925, 'ON', 'M4V', 43.67780, -79.39920),
(926, 'ON', 'M4W', 43.66990, -79.38870),
(927, 'ON', 'M4X', 43.66470, -79.36950),
(928, 'ON', 'M4Y', 43.66180, -79.38470),
(929, 'ON', 'M5A', 43.63690, -79.35050),
(930, 'ON', 'M5B', 43.65430, -79.37960),
(931, 'ON', 'M5C', 43.68700, -79.53180),
(932, 'ON', 'M5E', 43.63900, -79.44990),
(933, 'ON', 'M5G', 43.65190, -79.38740),
(934, 'ON', 'M5H', 43.64900, -79.37840),
(935, 'ON', 'M5J', 43.64410, -79.38010),
(936, 'ON', 'M5K', 43.64690, -79.38230),
(937, 'ON', 'M5L', 43.64920, -79.38230),
(938, 'ON', 'M5M', 43.72480, -79.40330),
(939, 'ON', 'M5N', 43.70430, -79.40930),
(940, 'ON', 'M5P', 43.69810, -79.39870),
(941, 'ON', 'M5R', 43.67050, -79.39010),
(942, 'ON', 'M5S', 43.66190, -79.39520),
(943, 'ON', 'M5T', 43.64970, -79.39520),
(944, 'ON', 'M5V', 43.65250, -79.36860),
(945, 'ON', 'M5W', 43.64370, -79.37870),
(946, 'ON', 'M5X', 43.64920, -79.38230),
(947, 'ON', 'M6A', 43.71930, -79.43000),
(948, 'ON', 'M6B', 43.70540, -79.42720),
(949, 'ON', 'M6C', 43.68300, -79.41840),
(950, 'ON', 'M6E', 43.67970, -79.43580),
(951, 'ON', 'M6G', 43.65650, -79.40790),
(952, 'ON', 'M6H', 43.65360, -79.42580),
(953, 'ON', 'M6J', 43.64400, -79.40620),
(954, 'ON', 'M6K', 43.63920, -79.40580),
(955, 'ON', 'M6L', 43.71030, -79.47140),
(956, 'ON', 'M6M', 43.68150, -79.46680),
(957, 'ON', 'M6N', 43.66800, -79.45150),
(958, 'ON', 'M6P', 43.65580, -79.46630),
(959, 'ON', 'M6R', 43.64030, -79.43740),
(960, 'ON', 'M6S', 43.63580, -79.46680),
(961, 'ON', 'M7A', 43.66410, -79.38890),
(962, 'ON', 'M7Y', 43.78040, -79.25050),
(963, 'ON', 'M8V', 43.63050, -79.47620),
(964, 'ON', 'M8W', 43.59080, -79.52180),
(965, 'ON', 'M8X', 43.64900, -79.49770),
(966, 'ON', 'M8Y', 43.61810, -79.49670),
(967, 'ON', 'M8Z', 43.60530, -79.52010),
(968, 'ON', 'M9A', 43.64340, -79.52970),
(969, 'ON', 'M9B', 43.63830, -79.53560),
(970, 'ON', 'M9C', 43.60880, -79.55740),
(971, 'ON', 'M9L', 43.74940, -79.56140),
(972, 'ON', 'M9M', 43.71820, -79.52160),
(973, 'ON', 'M9N', 43.70870, -79.52870),
(974, 'ON', 'M9P', 43.68140, -79.53670),
(975, 'ON', 'M9R', 43.68080, -79.54380),
(976, 'ON', 'M9V', 43.73000, -79.55420),
(977, 'ON', 'M9W', 43.67720, -79.58940),
(978, 'ON', 'N0A', 42.94660, -79.85090),
(979, 'ON', 'N0B', 43.77220, -80.65860),
(980, 'ON', 'N0C', 44.29990, -80.48040),
(981, 'ON', 'N0E', 43.09860, -80.56330),
(982, 'ON', 'N0G', 43.85670, -81.40230),
(983, 'ON', 'N0H', 44.34830, -80.91400),
(984, 'ON', 'N0J', 43.22100, -80.56130),
(985, 'ON', 'N0K', 43.58380, -81.23510),
(986, 'ON', 'N0L', 42.81880, -81.64370),
(987, 'ON', 'N0M', 43.56510, -81.69860),
(988, 'ON', 'N0N', 42.79670, -81.79380),
(989, 'ON', 'N0P', 42.53230, -81.79910),
(990, 'ON', 'N0R', 42.29320, -82.70750),
(991, 'ON', 'N1A', 42.91320, -79.61010),
(992, 'ON', 'N1C', 43.50360, -80.23940),
(993, 'ON', 'N1E', 43.57490, -80.26880),
(994, 'ON', 'N1G', 43.53250, -80.25310),
(995, 'ON', 'N1H', 43.55500, -80.28680),
(996, 'ON', 'N1K', 43.51560, -80.28270),
(997, 'ON', 'N1L', 43.52250, -80.20950),
(998, 'ON', 'N1M', 43.71570, -80.38700),
(999, 'ON', 'N1P', 43.33720, -80.30210),
(1000, 'ON', 'N1R', 43.38310, -80.31910),
(1001, 'ON', 'N1S', 43.37420, -80.34570),
(1002, 'ON', 'N1T', 43.40670, -80.30370),
(1003, 'ON', 'N2A', 43.43530, -80.45270),
(1004, 'ON', 'N2B', 43.44800, -80.45890),
(1005, 'ON', 'N2C', 43.43460, -80.45320),
(1006, 'ON', 'N2E', 43.42360, -80.48000),
(1007, 'ON', 'N2G', 43.44970, -80.48930),
(1008, 'ON', 'N2H', 43.44870, -80.48490),
(1009, 'ON', 'N2J', 43.46130, -80.50700),
(1010, 'ON', 'N2K', 43.48010, -80.48010),
(1011, 'ON', 'N2L', 43.45290, -80.52810),
(1012, 'ON', 'N2M', 43.44220, -80.49680),
(1013, 'ON', 'N2N', 43.42410, -80.52140),
(1014, 'ON', 'N2P', 43.39380, -80.44430),
(1015, 'ON', 'N2R', 43.39650, -80.45750),
(1016, 'ON', 'N2T', 43.45110, -80.55720),
(1017, 'ON', 'N2V', 43.50360, -80.54130),
(1018, 'ON', 'N2Z', 44.18210, -81.63730),
(1019, 'ON', 'N3A', 43.41610, -80.68800),
(1020, 'ON', 'N3B', 43.58520, -80.56620),
(1021, 'ON', 'N3C', 43.43170, -80.31120),
(1022, 'ON', 'N3E', 43.42440, -80.33640),
(1023, 'ON', 'N3H', 43.40610, -80.35030),
(1024, 'ON', 'N3L', 43.18340, -80.37490),
(1025, 'ON', 'N3P', 43.18840, -80.24220),
(1026, 'ON', 'N3R', 43.15010, -80.27660),
(1027, 'ON', 'N3S', 43.12420, -80.24120),
(1028, 'ON', 'N3T', 43.10940, -80.27500),
(1029, 'ON', 'N3V', 43.17040, -80.29370),
(1030, 'ON', 'N3W', 43.07760, -79.96390),
(1031, 'ON', 'N3Y', 42.81260, -80.30910),
(1032, 'ON', 'N4B', 42.82400, -80.48110),
(1033, 'ON', 'N4G', 42.88060, -80.75270),
(1034, 'ON', 'N4K', 44.55190, -80.93850),
(1035, 'ON', 'N4L', 44.60790, -80.59220),
(1036, 'ON', 'N4N', 44.13850, -81.02370),
(1037, 'ON', 'N4S', 43.12770, -80.77430),
(1038, 'ON', 'N4T', 43.14770, -80.72850),
(1039, 'ON', 'N4V', 43.11270, -80.73680),
(1040, 'ON', 'N4W', 43.73150, -80.95330),
(1041, 'ON', 'N4X', 43.26100, -81.15160),
(1042, 'ON', 'N4Z', 43.35550, -80.99610),
(1043, 'ON', 'N5A', 43.37170, -80.98440),
(1044, 'ON', 'N5C', 43.02700, -80.87060),
(1045, 'ON', 'N5H', 42.77970, -80.98640),
(1046, 'ON', 'N5L', 42.66520, -81.20180),
(1047, 'ON', 'N5P', 42.77880, -81.21340),
(1048, 'ON', 'N5R', 42.77250, -81.20030),
(1049, 'ON', 'N5V', 42.99270, -81.16860),
(1050, 'ON', 'N5W', 42.97780, -81.19410),
(1051, 'ON', 'N5X', 43.03030, -81.26760),
(1052, 'ON', 'N5Y', 43.00930, -81.21000),
(1053, 'ON', 'N5Z', 42.97430, -81.19460),
(1054, 'ON', 'N6A', 42.97930, -81.25560),
(1055, 'ON', 'N6B', 42.97590, -81.22900),
(1056, 'ON', 'N6C', 42.97990, -81.26090),
(1057, 'ON', 'N6E', 42.94190, -81.24750),
(1058, 'ON', 'N6G', 42.99430, -81.26230),
(1059, 'ON', 'N6H', 42.98990, -81.26070),
(1060, 'ON', 'N6J', 42.97970, -81.26390),
(1061, 'ON', 'N6K', 42.96270, -81.29480),
(1062, 'ON', 'N6L', 42.93440, -81.28020),
(1063, 'ON', 'N6M', 42.99220, -81.13980),
(1064, 'ON', 'N6N', 42.93240, -81.19160),
(1065, 'ON', 'N6P', 42.91140, -81.29990),
(1066, 'ON', 'N7A', 43.73470, -81.71050),
(1067, 'ON', 'N7G', 42.96250, -81.60810),
(1068, 'ON', 'N7L', 42.40290, -82.19410),
(1069, 'ON', 'N7M', 42.39970, -82.19960),
(1070, 'ON', 'N7S', 42.96070, -82.37180),
(1071, 'ON', 'N7T', 42.97100, -82.40840),
(1072, 'ON', 'N7V', 42.98910, -82.39900),
(1073, 'ON', 'N7W', 42.98380, -82.32140),
(1074, 'ON', 'N7X', 43.01470, -82.34170),
(1075, 'ON', 'N8A', 42.57990, -82.38230),
(1076, 'ON', 'N8H', 42.06060, -82.60290),
(1077, 'ON', 'N8M', 42.17540, -82.82260),
(1078, 'ON', 'N8N', 42.33260, -82.89260),
(1079, 'ON', 'N8P', 42.33910, -82.92790),
(1080, 'ON', 'N8R', 42.31360, -82.93380),
(1081, 'ON', 'N8S', 42.33070, -82.97520),
(1082, 'ON', 'N8T', 42.31880, -82.96500),
(1083, 'ON', 'N8V', 42.26790, -82.96990),
(1084, 'ON', 'N8W', 42.30620, -83.00170),
(1085, 'ON', 'N8X', 42.30390, -83.03080),
(1086, 'ON', 'N8Y', 42.32510, -83.01710),
(1087, 'ON', 'N9A', 42.31590, -83.03930),
(1088, 'ON', 'N9B', 42.31580, -83.05680),
(1089, 'ON', 'N9C', 42.30770, -83.07240),
(1090, 'ON', 'N9E', 42.27360, -83.04160),
(1091, 'ON', 'N9G', 42.25810, -82.99880),
(1092, 'ON', 'N9H', 42.23510, -82.99800),
(1093, 'ON', 'N9J', 42.24700, -83.10000),
(1094, 'ON', 'N9K', 42.04900, -83.10320),
(1095, 'ON', 'N9V', 42.11060, -83.11150),
(1096, 'ON', 'N9Y', 42.03770, -82.73940),
(1097, 'ON', 'P0A', 45.41390, -79.67280),
(1098, 'ON', 'P0B', 45.11030, -79.15800),
(1099, 'ON', 'P0C', 44.84620, -79.79540),
(1100, 'ON', 'P0E', 44.89350, -79.74100),
(1101, 'ON', 'P0G', 45.90330, -80.57620),
(1102, 'ON', 'P0H', 45.87380, -79.88460),
(1103, 'ON', 'P0J', 47.67560, -79.54240),
(1104, 'ON', 'P0K', 48.13460, -80.07690),
(1105, 'ON', 'P0L', 52.92300, -82.41730),
(1106, 'ON', 'P0M', 46.13290, -80.82310),
(1107, 'ON', 'P0N', 48.44660, -80.81610),
(1108, 'ON', 'P0P', 46.01820, -82.25070),
(1109, 'ON', 'P0R', 46.18490, -82.82280),
(1110, 'ON', 'P0S', 46.95510, -84.50050),
(1111, 'ON', 'P0T', 50.13900, -89.05610),
(1112, 'ON', 'P0V', 50.24070, -90.20240),
(1113, 'ON', 'P0W', 48.77780, -93.96200),
(1114, 'ON', 'P0X', 49.70030, -94.85830),
(1115, 'ON', 'P0Y', 49.78570, -95.11680),
(1116, 'ON', 'P1A', 46.30360, -79.46240),
(1117, 'ON', 'P1B', 46.30940, -79.46400),
(1118, 'ON', 'P1C', 46.34110, -79.44570),
(1119, 'ON', 'P1H', 45.32720, -79.21510),
(1120, 'ON', 'P1L', 45.05700, -79.33660),
(1121, 'ON', 'P1P', 44.94510, -79.35490),
(1122, 'ON', 'P2A', 45.34050, -80.03650),
(1123, 'ON', 'P2B', 46.36640, -79.91780),
(1124, 'ON', 'P2N', 48.15100, -80.03280),
(1125, 'ON', 'P3A', 46.50760, -80.98720),
(1126, 'ON', 'P3B', 46.47690, -80.90990),
(1127, 'ON', 'P3C', 46.47270, -81.02910),
(1128, 'ON', 'P3E', 46.49180, -80.99550),
(1129, 'ON', 'P3G', 46.41060, -81.05170),
(1130, 'ON', 'P3L', 46.56250, -80.86650),
(1131, 'ON', 'P3N', 46.61910, -81.03560),
(1132, 'ON', 'P3P', 46.63180, -81.01470),
(1133, 'ON', 'P3Y', 46.42230, -81.11650),
(1134, 'ON', 'P4N', 48.47570, -81.33660),
(1135, 'ON', 'P4P', 48.49510, -81.35130),
(1136, 'ON', 'P4R', 48.47300, -81.37650),
(1137, 'ON', 'P5A', 46.37200, -82.67210),
(1138, 'ON', 'P5E', 46.26290, -81.77190),
(1139, 'ON', 'P5N', 49.41340, -82.42030),
(1140, 'ON', 'P6A', 46.51750, -84.34140),
(1141, 'ON', 'P6B', 46.51050, -84.32100),
(1142, 'ON', 'P6C', 46.52450, -84.37680),
(1143, 'ON', 'P7A', 48.45780, -89.18850),
(1144, 'ON', 'P7B', 48.43490, -89.21920),
(1145, 'ON', 'P7C', 48.38520, -89.24200),
(1146, 'ON', 'P7E', 48.37750, -89.27040),
(1147, 'ON', 'P7G', 48.45110, -89.27300),
(1148, 'ON', 'P7J', 48.31870, -89.34150),
(1149, 'ON', 'P7K', 48.39590, -89.35560),
(1150, 'ON', 'P8N', 49.78560, -92.83640),
(1151, 'ON', 'P8T', 50.08850, -91.90860),
(1152, 'ON', 'P9A', 48.60750, -93.38690),
(1153, 'ON', 'P9N', 49.76670, -94.48480),
(1154, 'PS', 'C0A', 46.04970, -62.81050),
(1155, 'PS', 'C0B', 46.31820, -63.55860),
(1156, 'PS', 'C1A', 46.23180, -63.11920),
(1157, 'PS', 'C1B', 46.20670, -63.07290),
(1158, 'PS', 'C1C', 46.26880, -63.10970),
(1159, 'PS', 'C1E', 46.26070, -63.16000),
(1160, 'PS', 'C1N', 46.39070, -63.78680),
(1161, 'QC', 'G0A', 46.85240, -72.02590),
(1162, 'QC', 'G0B', 47.39830, -61.77420),
(1163, 'QC', 'G0C', 48.14960, -65.70530),
(1164, 'QC', 'G0E', 48.92980, -64.34380),
(1165, 'QC', 'G0G', 50.11690, -62.41360),
(1166, 'QC', 'G0H', 49.16330, -68.33350),
(1167, 'QC', 'G0J', 49.02260, -66.81580),
(1168, 'QC', 'G0K', 48.34730, -68.39480),
(1169, 'QC', 'G0L', 47.68430, -68.86810),
(1170, 'QC', 'G0M', 46.20570, -70.83260),
(1171, 'QC', 'G0N', 46.06510, -71.43520),
(1172, 'QC', 'G0P', 45.86410, -71.65230),
(1173, 'QC', 'G0R', 46.90550, -70.74560),
(1174, 'QC', 'G0S', 46.26350, -70.79290),
(1175, 'QC', 'G0T', 47.65250, -70.40670),
(1176, 'QC', 'G0V', 48.34480, -70.98690),
(1177, 'QC', 'G0W', 48.88540, -72.44330),
(1178, 'QC', 'G0X', 46.69960, -72.64300),
(1179, 'QC', 'G0Y', 45.65440, -71.03790),
(1180, 'QC', 'G0Z', 46.15200, -72.13470),
(1181, 'QC', 'G1A', 46.91810, -71.20360),
(1182, 'QC', 'G1B', 46.91790, -71.19640),
(1183, 'QC', 'G1C', 46.88860, -71.22120),
(1184, 'QC', 'G1E', 46.87600, -71.19200),
(1185, 'QC', 'G1G', 46.89210, -71.30560),
(1186, 'QC', 'G1H', 46.86150, -71.26980),
(1187, 'QC', 'G1J', 46.84830, -71.23400),
(1188, 'QC', 'G1K', 46.81430, -71.24310),
(1189, 'QC', 'G1L', 46.83960, -71.25060),
(1190, 'QC', 'G1M', 46.81650, -71.23600),
(1191, 'QC', 'G1N', 46.81000, -71.25260),
(1192, 'QC', 'G1P', 46.82570, -71.33100),
(1193, 'QC', 'G1R', 46.81280, -71.21940),
(1194, 'QC', 'G1S', 46.78670, -71.24360),
(1195, 'QC', 'G1T', 46.78630, -71.25790),
(1196, 'QC', 'G1V', 46.78900, -71.29360),
(1197, 'QC', 'G1W', 46.76730, -71.28570),
(1198, 'QC', 'G1X', 46.78280, -71.31490),
(1199, 'QC', 'G1Y', 46.75950, -71.34330),
(1200, 'QC', 'G2A', 46.86810, -71.37870),
(1201, 'QC', 'G2B', 46.85690, -71.35060),
(1202, 'QC', 'G2C', 46.83420, -71.34630),
(1203, 'QC', 'G2E', 46.81750, -71.37100),
(1204, 'QC', 'G2G', 46.81190, -71.39060),
(1205, 'QC', 'G2J', 46.84280, -71.27740),
(1206, 'QC', 'G2K', 46.81050, -71.24260),
(1207, 'QC', 'G2L', 46.89210, -71.27320),
(1208, 'QC', 'G2M', 46.91590, -71.31630),
(1209, 'QC', 'G2N', 46.93380, -71.34460),
(1210, 'QC', 'G3A', 46.75290, -71.37340),
(1211, 'QC', 'G3E', 46.87650, -71.32330),
(1212, 'QC', 'G3G', 46.94450, -71.41330),
(1213, 'QC', 'G3H', 46.75600, -71.69690),
(1214, 'QC', 'G3J', 46.86170, -71.42410),
(1215, 'QC', 'G3K', 46.83880, -71.39980),
(1216, 'QC', 'G3L', 46.88970, -71.83490),
(1217, 'QC', 'G3M', 46.67250, -71.73680),
(1218, 'QC', 'G3Z', 47.44540, -70.51990),
(1219, 'QC', 'G4A', 47.69500, -70.22390),
(1220, 'QC', 'G4R', 50.22060, -66.35810),
(1221, 'QC', 'G4S', 50.23090, -66.39010),
(1222, 'QC', 'G4T', 47.53710, -61.53870),
(1223, 'QC', 'G4V', 49.12830, -66.49060),
(1224, 'QC', 'G4W', 48.85260, -67.51800),
(1225, 'QC', 'G4X', 48.83190, -64.48130),
(1226, 'QC', 'G4Z', 49.24460, -68.14420),
(1227, 'QC', 'G5A', 47.62590, -70.09670),
(1228, 'QC', 'G5B', 50.03820, -66.86590),
(1229, 'QC', 'G5C', 49.19620, -68.29760),
(1230, 'QC', 'G5H', 48.59490, -68.18830),
(1231, 'QC', 'G5J', 48.45840, -67.43330),
(1232, 'QC', 'G5L', 48.45250, -68.52320),
(1233, 'QC', 'G5M', 48.45470, -68.49730),
(1234, 'QC', 'G5N', 48.42770, -68.51220),
(1235, 'QC', 'G5R', 47.85590, -69.53760),
(1236, 'QC', 'G5T', 47.55210, -68.64410),
(1237, 'QC', 'G5V', 46.99840, -70.55950),
(1238, 'QC', 'G5X', 46.20930, -70.77880),
(1239, 'QC', 'G5Y', 46.13000, -70.65570),
(1240, 'QC', 'G5Z', 46.12310, -70.64700),
(1241, 'QC', 'G6A', 46.13790, -70.67150),
(1242, 'QC', 'G6B', 45.59460, -70.91760),
(1243, 'QC', 'G6C', 46.75570, -71.12400),
(1244, 'QC', 'G6E', 46.46910, -71.04270),
(1245, 'QC', 'G6G', 46.11340, -71.31080),
(1246, 'QC', 'G6H', 46.06540, -71.35600),
(1247, 'QC', 'G6J', 46.65610, -71.30950),
(1248, 'QC', 'G6K', 46.70380, -71.28370),
(1249, 'QC', 'G6L', 46.22550, -71.77790),
(1250, 'QC', 'G6P', 46.06060, -71.94770),
(1251, 'QC', 'G6R', 46.03880, -71.95960),
(1252, 'QC', 'G6S', 46.07140, -71.93320),
(1253, 'QC', 'G6T', 46.04770, -71.95490),
(1254, 'QC', 'G6V', 46.82070, -71.17870),
(1255, 'QC', 'G6W', 46.79330, -71.18850),
(1256, 'QC', 'G6X', 46.72280, -71.27880),
(1257, 'QC', 'G6Z', 46.73910, -71.20550),
(1258, 'QC', 'G7A', 46.67090, -71.35480),
(1259, 'QC', 'G7B', 48.31330, -70.85570),
(1260, 'QC', 'G7G', 48.45720, -71.05910),
(1261, 'QC', 'G7H', 48.43370, -71.02250),
(1262, 'QC', 'G7J', 48.43770, -71.12440),
(1263, 'QC', 'G7K', 48.39760, -71.11000),
(1264, 'QC', 'G7N', 48.30840, -71.11040),
(1265, 'QC', 'G7P', 48.51000, -71.26800),
(1266, 'QC', 'G7S', 48.40990, -71.19610),
(1267, 'QC', 'G7T', 48.41120, -71.21490),
(1268, 'QC', 'G7X', 48.43590, -71.23180),
(1269, 'QC', 'G7Y', 48.39330, -71.26700),
(1270, 'QC', 'G7Z', 48.43270, -71.26200);
INSERT INTO `ca_codes` (`code_id`, `province`, `postal_code`, `latitude`, `longitude`) VALUES
(1271, 'QC', 'G8A', 48.42440, -71.26190),
(1272, 'QC', 'G8B', 48.54680, -71.63990),
(1273, 'QC', 'G8C', 48.52920, -71.64200),
(1274, 'QC', 'G8E', 48.55920, -71.64160),
(1275, 'QC', 'G8G', 48.42230, -71.87370),
(1276, 'QC', 'G8H', 48.50440, -72.21650),
(1277, 'QC', 'G8J', 48.57740, -72.44100),
(1278, 'QC', 'G8K', 48.65560, -72.44690),
(1279, 'QC', 'G8L', 48.87070, -72.21410),
(1280, 'QC', 'G8M', 48.88920, -72.19380),
(1281, 'QC', 'G8N', 48.39420, -71.67750),
(1282, 'QC', 'G8P', 49.92140, -74.36010),
(1283, 'QC', 'G8T', 46.41900, -72.60060),
(1284, 'QC', 'G8V', 46.38870, -72.48750),
(1285, 'QC', 'G8W', 46.40240, -72.58460),
(1286, 'QC', 'G8Y', 46.36880, -72.58000),
(1287, 'QC', 'G8Z', 46.36480, -72.55640),
(1288, 'QC', 'G9A', 46.36470, -72.55580),
(1289, 'QC', 'G9B', 46.31110, -72.57180),
(1290, 'QC', 'G9C', 46.39380, -72.65340),
(1291, 'QC', 'G9H', 46.34450, -72.43690),
(1292, 'QC', 'G9N', 46.54290, -72.74800),
(1293, 'QC', 'G9P', 46.52580, -72.73810),
(1294, 'QC', 'G9R', 46.57600, -72.77640),
(1295, 'QC', 'G9T', 46.61680, -72.73360),
(1296, 'QC', 'G9X', 47.45830, -72.77290),
(1297, 'QC', 'H0H', 90.00000, 0.00000),
(1298, 'QC', 'H0M', 45.69860, -73.50250),
(1299, 'QC', 'H1A', 45.65870, -73.52360),
(1300, 'QC', 'H1B', 45.64540, -73.55020),
(1301, 'QC', 'H1C', 45.65960, -73.57040),
(1302, 'QC', 'H1E', 45.65950, -73.57290),
(1303, 'QC', 'H1G', 45.60610, -73.63890),
(1304, 'QC', 'H1H', 45.58290, -73.65240),
(1305, 'QC', 'H1J', 45.60360, -73.56900),
(1306, 'QC', 'H1K', 45.60770, -73.54280),
(1307, 'QC', 'H1L', 45.59430, -73.53620),
(1308, 'QC', 'H1M', 45.59020, -73.55590),
(1309, 'QC', 'H1N', 45.57190, -73.54990),
(1310, 'QC', 'H1P', 45.61050, -73.60480),
(1311, 'QC', 'H1R', 45.58440, -73.62290),
(1312, 'QC', 'H1S', 45.57160, -73.59850),
(1313, 'QC', 'H1T', 45.56530, -73.58690),
(1314, 'QC', 'H1V', 45.57020, -73.55100),
(1315, 'QC', 'H1W', 45.54230, -73.56160),
(1316, 'QC', 'H1X', 45.55770, -73.59350),
(1317, 'QC', 'H1Y', 45.55250, -73.59800),
(1318, 'QC', 'H1Z', 45.56520, -73.64440),
(1319, 'QC', 'H2A', 45.55830, -73.61180),
(1320, 'QC', 'H2B', 45.56640, -73.64700),
(1321, 'QC', 'H2C', 45.55930, -73.67190),
(1322, 'QC', 'H2E', 45.55220, -73.62560),
(1323, 'QC', 'H2G', 45.54340, -73.60610),
(1324, 'QC', 'H2H', 45.53770, -73.58370),
(1325, 'QC', 'H2J', 45.52890, -73.59280),
(1326, 'QC', 'H2K', 45.53000, -73.56720),
(1327, 'QC', 'H2L', 45.52520, -73.57440),
(1328, 'QC', 'H2M', 45.55000, -73.65150),
(1329, 'QC', 'H2N', 45.54020, -73.65900),
(1330, 'QC', 'H2P', 45.54090, -73.64180),
(1331, 'QC', 'H2R', 45.54520, -73.62660),
(1332, 'QC', 'H2S', 45.53560, -73.61440),
(1333, 'QC', 'H2T', 45.52780, -73.60240),
(1334, 'QC', 'H2V', 45.52980, -73.61530),
(1335, 'QC', 'H2W', 45.51940, -73.58390),
(1336, 'QC', 'H2X', 45.51480, -73.57390),
(1337, 'QC', 'H2Y', 45.50800, -73.55400),
(1338, 'QC', 'H2Z', 45.50660, -73.56230),
(1339, 'QC', 'H3A', 45.50780, -73.58040),
(1340, 'QC', 'H3B', 45.50580, -73.56720),
(1341, 'QC', 'H3C', 45.50300, -73.56790),
(1342, 'QC', 'H3E', 45.46790, -73.54570),
(1343, 'QC', 'H3G', 45.50190, -73.58530),
(1344, 'QC', 'H3H', 45.51230, -73.59670),
(1345, 'QC', 'H3J', 45.49220, -73.57250),
(1346, 'QC', 'H3K', 45.48580, -73.56400),
(1347, 'QC', 'H3L', 45.55290, -73.67540),
(1348, 'QC', 'H3M', 45.54590, -73.69790),
(1349, 'QC', 'H3N', 45.53350, -73.64640),
(1350, 'QC', 'H3P', 45.52090, -73.65300),
(1351, 'QC', 'H3R', 45.51810, -73.65450),
(1352, 'QC', 'H3S', 45.51550, -73.62920),
(1353, 'QC', 'H3T', 45.51150, -73.61600),
(1354, 'QC', 'H3V', 45.49650, -73.61770),
(1355, 'QC', 'H3W', 45.49880, -73.64420),
(1356, 'QC', 'H3X', 45.49150, -73.64830),
(1357, 'QC', 'H3Y', 45.48900, -73.61800),
(1358, 'QC', 'H3Z', 45.49090, -73.58850),
(1359, 'QC', 'H4A', 45.47810, -73.62520),
(1360, 'QC', 'H4B', 45.46810, -73.63600),
(1361, 'QC', 'H4C', 45.47800, -73.59220),
(1362, 'QC', 'H4E', 45.46800, -73.58630),
(1363, 'QC', 'H4G', 45.46440, -73.57980),
(1364, 'QC', 'H4H', 45.45320, -73.58180),
(1365, 'QC', 'H4J', 45.53530, -73.72310),
(1366, 'QC', 'H4K', 45.52480, -73.73920),
(1367, 'QC', 'H4L', 45.52690, -73.69740),
(1368, 'QC', 'H4M', 45.50670, -73.69060),
(1369, 'QC', 'H4N', 45.53290, -73.68070),
(1370, 'QC', 'H4P', 45.49910, -73.67220),
(1371, 'QC', 'H4R', 45.51480, -73.73090),
(1372, 'QC', 'H4S', 45.49580, -73.75400),
(1373, 'QC', 'H4T', 45.49540, -73.67980),
(1374, 'QC', 'H4V', 45.47550, -73.65550),
(1375, 'QC', 'H4W', 45.47800, -73.67040),
(1376, 'QC', 'H4X', 45.45750, -73.66490),
(1377, 'QC', 'H4Y', 45.51030, -73.68180),
(1378, 'QC', 'H4Z', 45.50030, -73.56210),
(1379, 'QC', 'H5A', 45.50300, -73.56790),
(1380, 'QC', 'H5B', 45.50660, -73.56230),
(1381, 'QC', 'H7A', 45.67360, -73.59190),
(1382, 'QC', 'H7B', 45.63460, -73.67690),
(1383, 'QC', 'H7C', 45.61760, -73.66370),
(1384, 'QC', 'H7E', 45.61420, -73.66900),
(1385, 'QC', 'H7G', 45.55650, -73.67910),
(1386, 'QC', 'H7H', 45.64290, -73.74940),
(1387, 'QC', 'H7J', 45.68370, -73.67280),
(1388, 'QC', 'H7K', 45.61210, -73.78980),
(1389, 'QC', 'H7L', 45.63030, -73.78020),
(1390, 'QC', 'H7M', 45.60890, -73.73310),
(1391, 'QC', 'H7N', 45.57720, -73.70070),
(1392, 'QC', 'H7P', 45.59170, -73.82930),
(1393, 'QC', 'H7R', 45.54830, -73.85780),
(1394, 'QC', 'H7S', 45.57320, -73.74440),
(1395, 'QC', 'H7T', 45.55690, -73.74800),
(1396, 'QC', 'H7V', 45.53640, -73.72670),
(1397, 'QC', 'H7W', 45.54900, -73.76410),
(1398, 'QC', 'H7X', 45.53590, -73.82310),
(1399, 'QC', 'H7Y', 45.52090, -73.83540),
(1400, 'QC', 'H8N', 45.45510, -73.60840),
(1401, 'QC', 'H8P', 45.43710, -73.59790),
(1402, 'QC', 'H8R', 45.44730, -73.65570),
(1403, 'QC', 'H8S', 45.44960, -73.68110),
(1404, 'QC', 'H8T', 45.46480, -73.71920),
(1405, 'QC', 'H8Y', 45.51450, -73.81620),
(1406, 'QC', 'H8Z', 45.51350, -73.83890),
(1407, 'QC', 'H9A', 45.50550, -73.82300),
(1408, 'QC', 'H9B', 45.49370, -73.81320),
(1409, 'QC', 'H9C', 45.51410, -73.90120),
(1410, 'QC', 'H9E', 45.51060, -73.91000),
(1411, 'QC', 'H9G', 45.47940, -73.84460),
(1412, 'QC', 'H9H', 45.48730, -73.86350),
(1413, 'QC', 'H9J', 45.46900, -73.88620),
(1414, 'QC', 'H9K', 45.46430, -73.89360),
(1415, 'QC', 'H9P', 45.46170, -73.73050),
(1416, 'QC', 'H9R', 45.47480, -73.82070),
(1417, 'QC', 'H9S', 45.44090, -73.77330),
(1418, 'QC', 'H9W', 45.44070, -73.87270),
(1419, 'QC', 'H9X', 45.41800, -73.95150),
(1420, 'QC', 'J0A', 45.69990, -72.00330),
(1421, 'QC', 'J0B', 45.24200, -72.01770),
(1422, 'QC', 'J0C', 45.99140, -72.32160),
(1423, 'QC', 'J0E', 45.39730, -72.87970),
(1424, 'QC', 'J0G', 46.06680, -72.80430),
(1425, 'QC', 'J0H', 45.61250, -72.52050),
(1426, 'QC', 'J0J', 45.07840, -73.02910),
(1427, 'QC', 'J0K', 46.10400, -73.25600),
(1428, 'QC', 'J0L', 45.73170, -73.27930),
(1429, 'QC', 'J0M', 60.03420, -70.01180),
(1430, 'QC', 'J0N', 45.71800, -73.63540),
(1431, 'QC', 'J0P', 45.44870, -74.10150),
(1432, 'QC', 'J0R', 45.83730, -74.13870),
(1433, 'QC', 'J0S', 45.01310, -74.17440),
(1434, 'QC', 'J0T', 46.26340, -74.76870),
(1435, 'QC', 'J0V', 45.76310, -74.46240),
(1436, 'QC', 'J0W', 46.70190, -75.43700),
(1437, 'QC', 'J0X', 45.52340, -76.43920),
(1438, 'QC', 'J0Y', 48.46060, -78.19360),
(1439, 'QC', 'J0Z', 47.48220, -79.21020),
(1440, 'QC', 'J1A', 45.15630, -71.80950),
(1441, 'QC', 'J1E', 45.43010, -71.89010),
(1442, 'QC', 'J1G', 45.40380, -71.88530),
(1443, 'QC', 'J1H', 45.41170, -71.90740),
(1444, 'QC', 'J1J', 45.42420, -71.91880),
(1445, 'QC', 'J1K', 45.39280, -71.94410),
(1446, 'QC', 'J1L', 45.40530, -71.93870),
(1447, 'QC', 'J1M', 45.36720, -71.86920),
(1448, 'QC', 'J1N', 45.38140, -71.98270),
(1449, 'QC', 'J1S', 45.58200, -72.00940),
(1450, 'QC', 'J1T', 45.78080, -71.93480),
(1451, 'QC', 'J1X', 45.28200, -72.13900),
(1452, 'QC', 'J1Z', 45.88520, -72.41400),
(1453, 'QC', 'J2A', 45.84590, -72.44000),
(1454, 'QC', 'J2B', 45.88450, -72.48410),
(1455, 'QC', 'J2C', 45.90920, -72.48080),
(1456, 'QC', 'J2E', 45.90370, -72.52970),
(1457, 'QC', 'J2G', 45.41090, -72.71030),
(1458, 'QC', 'J2H', 45.40360, -72.70970),
(1459, 'QC', 'J2J', 45.39150, -72.77990),
(1460, 'QC', 'J2K', 45.22140, -72.75670),
(1461, 'QC', 'J2L', 45.31610, -72.65010),
(1462, 'QC', 'J2N', 45.29250, -72.97800),
(1463, 'QC', 'J2R', 45.64800, -73.00560),
(1464, 'QC', 'J2S', 45.63520, -72.97260),
(1465, 'QC', 'J2T', 45.64140, -72.92430),
(1466, 'QC', 'J2W', 45.39880, -73.37230),
(1467, 'QC', 'J2X', 45.31670, -73.23380),
(1468, 'QC', 'J2Y', 45.31720, -73.33460),
(1469, 'QC', 'J3A', 45.33400, -73.26620),
(1470, 'QC', 'J3B', 45.32340, -73.26620),
(1471, 'QC', 'J3E', 45.58060, -73.33600),
(1472, 'QC', 'J3G', 45.54620, -73.23390),
(1473, 'QC', 'J3H', 45.54130, -73.22150),
(1474, 'QC', 'J3L', 45.46940, -73.28900),
(1475, 'QC', 'J3M', 45.43550, -73.17380),
(1476, 'QC', 'J3N', 45.53550, -73.27190),
(1477, 'QC', 'J3P', 46.04500, -73.11720),
(1478, 'QC', 'J3R', 46.04760, -73.12630),
(1479, 'QC', 'J3T', 46.23260, -72.59950),
(1480, 'QC', 'J3V', 45.53920, -73.35980),
(1481, 'QC', 'J3X', 45.69110, -73.43120),
(1482, 'QC', 'J3Y', 45.48410, -73.43290),
(1483, 'QC', 'J3Z', 45.47320, -73.37160),
(1484, 'QC', 'J4B', 45.56850, -73.42300),
(1485, 'QC', 'J4G', 45.55350, -73.49870),
(1486, 'QC', 'J4H', 45.54280, -73.50830),
(1487, 'QC', 'J4J', 45.52900, -73.50390),
(1488, 'QC', 'J4K', 45.52840, -73.52460),
(1489, 'QC', 'J4L', 45.52910, -73.47080),
(1490, 'QC', 'J4M', 45.54400, -73.45050),
(1491, 'QC', 'J4N', 45.53820, -73.45770),
(1492, 'QC', 'J4P', 45.49930, -73.51570),
(1493, 'QC', 'J4R', 45.48760, -73.50920),
(1494, 'QC', 'J4S', 45.48320, -73.50670),
(1495, 'QC', 'J4T', 45.49660, -73.44810),
(1496, 'QC', 'J4V', 45.49260, -73.44730),
(1497, 'QC', 'J4W', 45.47690, -73.49920),
(1498, 'QC', 'J4X', 45.45640, -73.49310),
(1499, 'QC', 'J4Y', 45.46050, -73.46510),
(1500, 'QC', 'J4Z', 45.48140, -73.46490),
(1501, 'QC', 'J5A', 45.38400, -73.55910),
(1502, 'QC', 'J5B', 45.40240, -73.53760),
(1503, 'QC', 'J5J', 45.81840, -73.89830),
(1504, 'QC', 'J5K', 45.73340, -74.13090),
(1505, 'QC', 'J5L', 45.80520, -74.10510),
(1506, 'QC', 'J5M', 45.85220, -73.75770),
(1507, 'QC', 'J5R', 45.39730, -73.52840),
(1508, 'QC', 'J5T', 45.90500, -73.25940),
(1509, 'QC', 'J5V', 46.26750, -72.93820),
(1510, 'QC', 'J5W', 45.83130, -73.42330),
(1511, 'QC', 'J5X', 45.85080, -73.48240),
(1512, 'QC', 'J5Y', 45.75990, -73.43430),
(1513, 'QC', 'J5Z', 45.72890, -73.49070),
(1514, 'QC', 'J6A', 45.71340, -73.47780),
(1515, 'QC', 'J6E', 46.05510, -73.43200),
(1516, 'QC', 'J6J', 45.39440, -73.74940),
(1517, 'QC', 'J6K', 45.36310, -73.70850),
(1518, 'QC', 'J6N', 45.35770, -73.78510),
(1519, 'QC', 'J6R', 45.30630, -73.74800),
(1520, 'QC', 'J6S', 45.27880, -74.14220),
(1521, 'QC', 'J6T', 45.25710, -74.12000),
(1522, 'QC', 'J6V', 45.70050, -73.52980),
(1523, 'QC', 'J6W', 45.69080, -73.63080),
(1524, 'QC', 'J6X', 45.69860, -73.66320),
(1525, 'QC', 'J6Y', 45.69990, -73.81120),
(1526, 'QC', 'J6Z', 45.66930, -73.74840),
(1527, 'QC', 'J7A', 45.61790, -73.80380),
(1528, 'QC', 'J7B', 45.64620, -73.80920),
(1529, 'QC', 'J7C', 45.64880, -73.84660),
(1530, 'QC', 'J7E', 45.63180, -73.82610),
(1531, 'QC', 'J7G', 45.59990, -73.83010),
(1532, 'QC', 'J7H', 45.62000, -73.85640),
(1533, 'QC', 'J7J', 45.65630, -73.97530),
(1534, 'QC', 'J7K', 45.75510, -73.59590),
(1535, 'QC', 'J7L', 45.75670, -73.62630),
(1536, 'QC', 'J7M', 45.79150, -73.75590),
(1537, 'QC', 'J7N', 45.72000, -74.03270),
(1538, 'QC', 'J7P', 45.56180, -73.88810),
(1539, 'QC', 'J7R', 45.53210, -73.89400),
(1540, 'QC', 'J7T', 45.31350, -74.05730),
(1541, 'QC', 'J7V', 45.40420, -74.03400),
(1542, 'QC', 'J7X', 45.26160, -74.20780),
(1543, 'QC', 'J7Y', 45.81400, -74.01760),
(1544, 'QC', 'J7Z', 45.79500, -74.00170),
(1545, 'QC', 'J8A', 45.92610, -74.02440),
(1546, 'QC', 'J8B', 45.94540, -74.13270),
(1547, 'QC', 'J8C', 46.04690, -74.29010),
(1548, 'QC', 'J8E', 46.15600, -74.56270),
(1549, 'QC', 'J8G', 45.60680, -74.43870),
(1550, 'QC', 'J8H', 45.64840, -74.34060),
(1551, 'QC', 'J8L', 45.59900, -75.42060),
(1552, 'QC', 'J8M', 45.55550, -75.43520),
(1553, 'QC', 'J8N', 45.68800, -75.78370),
(1554, 'QC', 'J8P', 45.49500, -75.58830),
(1555, 'QC', 'J8R', 45.49140, -75.60570),
(1556, 'QC', 'J8T', 45.49790, -75.70430),
(1557, 'QC', 'J8V', 45.48800, -75.74740),
(1558, 'QC', 'J8X', 45.44650, -75.71560),
(1559, 'QC', 'J8Y', 45.46030, -75.76060),
(1560, 'QC', 'J8Z', 45.46590, -75.75580),
(1561, 'QC', 'J9A', 45.42060, -75.75380),
(1562, 'QC', 'J9B', 45.40390, -75.82600),
(1563, 'QC', 'J9E', 46.37410, -75.98230),
(1564, 'QC', 'J9H', 45.39580, -75.82590),
(1565, 'QC', 'J9J', 45.42020, -75.77480),
(1566, 'QC', 'J9L', 46.54420, -75.49720),
(1567, 'QC', 'J9P', 48.10680, -77.78330),
(1568, 'QC', 'J9T', 48.58370, -78.10020),
(1569, 'QC', 'J9V', 47.32880, -79.44100),
(1570, 'QC', 'J9X', 48.25000, -79.02530),
(1571, 'QC', 'J9Y', 48.80540, -79.19910),
(1572, 'QC', 'J9Z', 48.81310, -79.20260),
(1573, 'SK', 'S0A', 51.81940, -103.56400),
(1574, 'SK', 'S0C', 49.18950, -104.43700),
(1575, 'SK', 'S0E', 53.13250, -104.67200),
(1576, 'SK', 'S0G', 51.36690, -105.99700),
(1577, 'SK', 'S0H', 50.19710, -105.84800),
(1578, 'SK', 'S0J', 52.75860, -107.46700),
(1579, 'SK', 'S0K', 52.80700, -105.36300),
(1580, 'SK', 'S0L', 51.22960, -108.70200),
(1581, 'SK', 'S0M', 54.28360, -109.24200),
(1582, 'SK', 'S0N', 50.35990, -108.51400),
(1583, 'SK', 'S0P', 54.66300, -102.08200),
(1584, 'SK', 'S2V', 50.77630, -104.92900),
(1585, 'SK', 'S3N', 51.20200, -102.45700),
(1586, 'SK', 'S4A', 49.14330, -102.99900),
(1587, 'SK', 'S4H', 49.67190, -103.84900),
(1588, 'SK', 'S4L', 50.43950, -104.57600),
(1589, 'SK', 'S4N', 50.43990, -104.57400),
(1590, 'SK', 'S4P', 50.44230, -104.61200),
(1591, 'SK', 'S4R', 50.47070, -104.61200),
(1592, 'SK', 'S4S', 50.42530, -104.63500),
(1593, 'SK', 'S4T', 50.45520, -104.63800),
(1594, 'SK', 'S4V', 50.43640, -104.54400),
(1595, 'SK', 'S4W', 50.48960, -104.66900),
(1596, 'SK', 'S4X', 50.47220, -104.68300),
(1597, 'SK', 'S4Y', 50.47800, -104.69900),
(1598, 'SK', 'S4Z', 50.45290, -104.53500),
(1599, 'SK', 'S6H', 50.40190, -105.53300),
(1600, 'SK', 'S6J', 50.42410, -105.54700),
(1601, 'SK', 'S6K', 50.37680, -105.58200),
(1602, 'SK', 'S6V', 53.20270, -105.75000),
(1603, 'SK', 'S6W', 53.17440, -105.76400),
(1604, 'SK', 'S6X', 53.19220, -105.70500),
(1605, 'SK', 'S7H', 52.11310, -106.62200),
(1606, 'SK', 'S7J', 52.10680, -106.65500),
(1607, 'SK', 'S7K', 52.15420, -106.64200),
(1608, 'SK', 'S7L', 52.14490, -106.67000),
(1609, 'SK', 'S7M', 52.12610, -106.69900),
(1610, 'SK', 'S7N', 52.11930, -106.65900),
(1611, 'SK', 'S7P', 52.16950, -106.58700),
(1612, 'SK', 'S7R', 52.20220, -106.67600),
(1613, 'SK', 'S7S', 52.15840, -106.59500),
(1614, 'SK', 'S7T', 52.05540, -106.70400),
(1615, 'SK', 'S7V', 52.11030, -106.57000),
(1616, 'SK', 'S9A', 52.77900, -108.29800),
(1617, 'SK', 'S9H', 50.28750, -107.81100),
(1618, 'SK', 'S9V', 53.27190, -110.00400),
(1619, 'SK', 'S9X', 54.13200, -108.43100),
(1620, 'YT', 'Y0A', 60.17340, -129.01601),
(1621, 'YT', 'Y0B', 64.06200, -139.43500),
(1622, 'YT', 'Y1A', 60.72270, -135.05299),
(1623, 'NT', 'X0G', 60.25000, -123.41000);

-- --------------------------------------------------------

--
-- Table structure for table `entry`
--

CREATE TABLE `entry` (
  `entry_id` int(11) NOT NULL,
  `date` date NOT NULL,
  `date_type` enum('receivedOn','dateLost','dateFound') NOT NULL
) ENGINE=InnoDB DEFAULT CHARSET=latin1 COLLATE=latin1_swedish_ci;

--
-- Dumping data for table `entry`
--

INSERT INTO `entry` (`entry_id`, `date`, `date_type`) VALUES
(1, '2017-07-12', 'receivedOn'),
(2, '2017-03-24', 'receivedOn'),
(3, '2017-05-18', 'receivedOn'),
(4, '2017-06-08', 'dateLost'),
(5, '2017-09-20', 'dateFound'),
(6, '2017-04-28', 'dateFound'),
(7, '2019-03-22', 'dateLost'),
(8, '2018-08-10', 'dateLost'),
(9, '2018-09-13', 'dateFound'),
(10, '2019-02-13', 'dateFound'),
(11, '2018-01-17', 'receivedOn'),
(12, '2018-11-30', 'dateLost'),
<<<<<<< HEAD
(13, '2023-02-15', 'receivedOn'),
(14, '2202-01-12', 'dateFound');
=======
(13, '2023-02-15', 'receivedOn');
>>>>>>> 7345c0466a5866af0d32573cd1621873dddefa22

-- --------------------------------------------------------

--
-- Table structure for table `pets_appearance`
--

CREATE TABLE `pets_appearance` (
  `appearance_id` int(11) NOT NULL,
  `fur` varchar(50) DEFAULT NULL,
  `color` varchar(50) DEFAULT NULL
) ENGINE=InnoDB DEFAULT CHARSET=latin1 COLLATE=latin1_swedish_ci;

--
-- Dumping data for table `pets_appearance`
--

INSERT INTO `pets_appearance` (`appearance_id`, `fur`, `color`) VALUES
(1, 'Domestic Shorthair', 'Black'),
(2, 'Domestic Shorthair', 'White'),
(3, 'Domestic Shorthair', 'Brown'),
(4, 'Domestic Shorthair', 'Gray'),
(5, 'Domestic Longhair', 'Black'),
(6, 'Domestic Longhair', 'White'),
(7, 'Domestic Longhair', 'Brown'),
(9, 'Domestic Mediumhair', 'Tabby'),
(10, 'Domestic Shorthair', 'Orange'),
(11, 'Domestic Shorthair', 'Tabby'),
(12, 'Domestic Shorthair', 'Calico'),
(13, 'Domestic Longhair', 'Gray'),
(14, 'Domestic Mediumhair', 'Black'),
<<<<<<< HEAD
(15, 'Furless', 'Skin color'),
(16, '255 55 lane', 'green');
=======
(15, 'Furless', 'Skin color');
>>>>>>> 7345c0466a5866af0d32573cd1621873dddefa22

-- --------------------------------------------------------

--
-- Table structure for table `pets_info`
--

CREATE TABLE `pets_info` (
  `animal_id` int(11) NOT NULL,
  `name` varchar(20) DEFAULT NULL,
  `age` int(5) DEFAULT NULL,
  `gender` enum('male','female','neutered_male','spayed_female','unaltered') DEFAULT NULL,
  `status` enum('lost','found','adoptable') DEFAULT NULL,
  `current_location` varchar(80) DEFAULT NULL,
  `breed_id` int(11) NOT NULL,
  `record_id` int(11) NOT NULL,
  `appearance_id` int(11) NOT NULL
) ENGINE=InnoDB DEFAULT CHARSET=latin1 COLLATE=latin1_swedish_ci;

--
-- Dumping data for table `pets_info`
--

INSERT INTO `pets_info` (`animal_id`, `name`, `age`, `gender`, `status`, `current_location`, `breed_id`, `record_id`, `appearance_id`) VALUES
(1, 'Toto', 8, 'male', 'lost', 'home mtl', 1, 1, 1),
<<<<<<< HEAD
(2, 'Abdullah ibn Jalil', 10000, 'female', 'found', 'cite soleil', 1, 1, 16),
=======
(2, 'Trixie', 1, 'female', 'lost', NULL, 2, 2, 2),
>>>>>>> 7345c0466a5866af0d32573cd1621873dddefa22
(3, 'Gizmo', 2, 'female', 'lost', NULL, 3, 3, 3),
(4, 'Caramel', 4, 'neutered_male', 'found', 'Reber Ranch 28606 132ND AVE SE KENT, WA 98042', 4, 4, 9),
(5, 'Fabio', 1, 'neutered_male', 'adoptable', 'King County Pet Adoption Center 21615 64TH AVE S KENT, WA 98032', 7, 5, 6),
(6, 'Velvet', 1, 'spayed_female', 'adoptable', 'King County Pet Adoption Center 21615 64TH AVE S KENT, WA 98032', 5, 6, 1),
(7, 'Mellow', 5, 'neutered_male', 'adoptable', 'King County Pet Adoption Center 21615 64TH AVE S KENT, WA 98032', 2, 7, 2),
(8, 'Tilly', 2, 'spayed_female', 'found', 'In RASKC Foster Home', 1, 8, 5),
(9, 'Roxy', 1, 'unaltered', 'adoptable', 'King County Pet Adoption Center 21615 64TH AVE S KENT, WA 98032', 6, 9, 1),
(10, 'Earl Lucy', NULL, 'unaltered', 'lost', NULL, 3, 10, 2),
(11, 'Oreo', 5, 'unaltered', 'lost', NULL, 11, 10, 1),
(12, 'Scotty', 2, 'unaltered', 'lost', NULL, 12, 11, 1),
(13, 'Chacha', 3, 'spayed_female', 'adoptable', 'King County Pet Adoption Center 21615 64TH AVE S KENT, WA 98032', 2, 11, 12),
(14, 'Nesquick', 1, 'spayed_female', 'adoptable', 'King County Pet Adoption Center 21615 64TH AVE S KENT, WA 98032', 5, 12, 5),
(15, 'Tye', 4, 'female', 'lost', NULL, 15, 12, 9),
<<<<<<< HEAD
(17, 'Willow', 9, 'male', 'found', 'King County Pet Adoption Center 21615 64TH AVE S KENT, WA 98032', 10, 6, 5),
(18, 'YAKE', 8, 'male', 'found', 'home', 7, 4, 5),
(19, 'YAKE', 8, 'male', 'found', 'home mtl', 7, 4, 5),
(24, 'Abdel Mahmood Ali', 10, 'male', 'lost', 'fortnite tilted tower', 1, 1, 1);
=======
(16, 'Susie', 13, 'spayed_female', 'adoptable', 'King County Pet Adoption Center 21615 64TH AVE S KENT, WA 98032', 8, 2, 6),
(17, 'Willow', 9, 'male', 'found', 'King County Pet Adoption Center 21615 64TH AVE S KENT, WA 98032', 10, 6, 5),
(18, 'YAKE', 8, 'male', 'found', 'home', 7, 4, 5),
(19, 'YAKE', 8, 'male', 'found', 'home mtl', 7, 4, 5);
>>>>>>> 7345c0466a5866af0d32573cd1621873dddefa22

-- --------------------------------------------------------

--
-- Table structure for table `record`
--

CREATE TABLE `record` (
  `record_id` int(11) NOT NULL,
  `address` varchar(100) DEFAULT NULL,
  `city` varchar(40) DEFAULT NULL,
  `state` varchar(10) DEFAULT NULL,
  `postal_code` varchar(10) DEFAULT NULL,
  `jurisdiction` varchar(20) DEFAULT NULL,
  `entry_id` int(11) NOT NULL
) ENGINE=InnoDB DEFAULT CHARSET=latin1 COLLATE=latin1_swedish_ci;

--
-- Dumping data for table `record`
--

INSERT INTO `record` (`record_id`, `address`, `city`, `state`, `postal_code`, `jurisdiction`, `entry_id`) VALUES
(1, 'Riverview Blvd And 216th Street\r\n', 'SEATTLE', 'WA', '98108', 'KING COUNTY', 1),
(2, '18800 block of SE 269TH ST\r\n', 'COVINGTON', 'WA', '98042', 'COVINGTON', 2),
(3, '2249 Cedar Crest Rd\r\n', 'CARNATION', 'GA', '98014', 'CARNATION', 3),
(4, '947 Elma G Miles Pky\r\n', 'KENT', 'AL', '98032', 'KENT', 4),
(5, '46303 Southward Ter\r\n', 'NEWCAS', 'AR', '98030', 'DES MOINES', 5),
(6, '263 Hurd Rd', 'SEATAC', 'KY', '98198', 'SEATAC', 6),
(7, '2242 Ramsey Ford Rd', 'LA', 'NC', '28455', 'NAKINA', 7),
(8, '5035 Archdale Rd\r\n', 'HOWELL', 'NC', '27040', 'OHIO', 8),
(9, '6938 Elmburg Rd\r\n', 'MOUNTAINSIDE', 'KY', '40003', 'VERMONT', 9),
(10, '102 Ravine Dr\r\n', 'WEST MONROE', 'LA', '71291', 'CALIFORNIA', 10),
(11, '1700 Robbins Rd', 'GRAND HAVEN', 'MI', '49417', 'MARYLAND', 11),
(12, '34111 82nd Avenue Ct E\r\n', 'EATONVILLE', 'WA', '98328', 'ENUMCLAW', 12),
<<<<<<< HEAD
(13, '1111 Vanier', 'MONTREAL', 'QC', '09329', 'OHIO', 13),
(14, '255 55 lane', 'Farmsville', 'canada', 'J4J231', 'Wildchild', 2),
(15, '255 55 lane', 'Farmsville', 'canada', 'J4J231', 'Wildchild', 2);
=======
(13, '1111 Vanier', 'MONTREAL', 'QC', '09329', 'OHIO', 13);
>>>>>>> 7345c0466a5866af0d32573cd1621873dddefa22

-- --------------------------------------------------------

--
-- Table structure for table `ws_log`
--

CREATE TABLE `ws_log` (
  `id` int(10) UNSIGNED NOT NULL,
  `email` varchar(150) NOT NULL,
  `user_action` varchar(255) NOT NULL,
  `logged_at` timestamp NOT NULL DEFAULT current_timestamp() ON UPDATE current_timestamp(),
  `user_id` int(10) UNSIGNED NOT NULL
) ENGINE=InnoDB DEFAULT CHARSET=utf8 COLLATE=utf8_unicode_ci;

--
-- Dumping data for table `ws_log`
--

INSERT INTO `ws_log` (`id`, `email`, `user_action`, `logged_at`, `user_id`) VALUES
(1, 'mimi@gmail.com', '127.0.0.1 /pets-api/pets', '2023-05-06 14:14:42', 2),
<<<<<<< HEAD
(4, 'jake@gmail.com', '127.0.0.1 /pets-api/pets', '2023-05-06 14:15:31', 1),
(6, 'test@gmail.com', '127.0.0.1 /pets-api/pets', '2023-05-11 16:42:11', 4),
(7, 'iotburner32@gmail.com', '10.1.3.231 /pets-api/pets', '2023-05-12 15:42:14', 11),
(9, 'test3@gmail.com', '127.0.0.1 /pets-api/pets', '2023-05-15 16:36:24', 14),
(13, 'test5@gmail.com', '127.0.0.1 /pets-api/pets', '2023-05-15 06:47:08', 16),
(17, 'test5@gmail.com', '127.0.0.1 /pets-api/breeds', '2023-05-15 07:01:41', 16),
(18, 'test5@gmail.com', '127.0.0.1 /pets-api/breeds', '2023-05-15 07:01:55', 16),
(19, 'test5@gmail.com', '127.0.0.1 /pets-api/breeds', '2023-05-15 07:02:09', 16),
(20, 'test5@gmail.com', '127.0.0.1 /pets-api/breeds', '2023-05-15 07:03:32', 16),
(21, 'test5@gmail.com', '127.0.0.1 /pets-api/breeds', '2023-05-15 07:03:33', 16),
(22, 'test5@gmail.com', '127.0.0.1 /pets-api/breeds', '2023-05-15 07:03:36', 16),
(23, 'test5@gmail.com', '127.0.0.1 /pets-api/breeds', '2023-05-15 07:04:12', 16),
(24, 'test5@gmail.com', '127.0.0.1 /pets-api/breeds', '2023-05-15 07:04:27', 16),
(25, 'test5@gmail.com', '127.0.0.1 /pets-api/breeds', '2023-05-15 07:04:39', 16),
(26, 'test5@gmail.com', '127.0.0.1 /pets-api/breeds', '2023-05-15 07:04:48', 16),
(27, 'test5@gmail.com', '127.0.0.1 /pets-api/breeds', '2023-05-15 07:04:51', 16),
(28, 'test5@gmail.com', '127.0.0.1 /pets-api/breeds', '2023-05-15 07:05:41', 16),
(29, 'test5@gmail.com', '127.0.0.1 /pets-api/breeds', '2023-05-15 07:05:57', 16),
(30, 'test5@gmail.com', '127.0.0.1 /pets-api/breeds', '2023-05-15 07:06:08', 16),
(31, 'test5@gmail.com', '127.0.0.1 /pets-api/breeds', '2023-05-15 07:06:38', 16),
(32, 'test5@gmail.com', '127.0.0.1 /pets-api/breeds', '2023-05-15 07:07:00', 16),
(33, 'test5@gmail.com', '127.0.0.1 /pets-api/breeds', '2023-05-15 07:07:03', 16),
(34, 'test7@gmail.com', '127.0.0.1 /pets-api/pets', '2023-05-15 07:20:04', 17),
(35, 'test7@gmail.com', '127.0.0.1 /pets-api/pets', '2023-05-15 07:21:19', 17),
(36, 'test7@gmail.com', '127.0.0.1 /pets-api/categories/1/pets', '2023-05-15 07:22:59', 17),
(37, 'test7@gmail.com', '127.0.0.1 /pets-api/categories/2/pets', '2023-05-15 07:23:08', 17),
(38, 'test7@gmail.com', '127.0.0.1 /pets-api/categories/3/pets', '2023-05-15 07:23:20', 17),
(39, 'test7@gmail.com', '127.0.0.1 /pets-api/categories/4/pets', '2023-05-15 07:23:40', 17),
(40, 'test7@gmail.com', '127.0.0.1 /pets-api/categories/5/pets', '2023-05-15 07:23:44', 17),
(41, 'test7@gmail.com', '127.0.0.1 /pets-api/categories/6/pets', '2023-05-15 07:23:55', 17),
(42, 'test7@gmail.com', '127.0.0.1 /pets-api/entries/1/pets', '2023-05-15 07:24:41', 17),
(43, 'test7@gmail.com', '127.0.0.1 /pets-api/entries/2/pets', '2023-05-15 07:25:08', 17),
(44, 'test7@gmail.com', '127.0.0.1 /pets-api/entries/3/pets', '2023-05-15 07:25:10', 17);
=======
(4, 'jake@gmail.com', '127.0.0.1 /pets-api/pets', '2023-05-06 14:15:31', 1);
>>>>>>> 7345c0466a5866af0d32573cd1621873dddefa22

-- --------------------------------------------------------

--
-- Table structure for table `ws_users`
--

CREATE TABLE `ws_users` (
  `user_id` int(10) UNSIGNED NOT NULL,
  `first_name` varchar(100) NOT NULL,
  `last_name` varchar(150) NOT NULL,
  `email` varchar(150) NOT NULL,
  `password` varchar(255) NOT NULL,
  `role` varchar(10) NOT NULL,
  `created_at` timestamp NOT NULL DEFAULT '2022-12-01 08:11:50'
) ENGINE=InnoDB DEFAULT CHARSET=utf8 COLLATE=utf8_unicode_ci;

--
-- Dumping data for table `ws_users`
--

INSERT INTO `ws_users` (`user_id`, `first_name`, `last_name`, `email`, `password`, `role`, `created_at`) VALUES
(1, 'Jake', 'DOGGO', 'jake@gmail.com', '$2y$15$xXBXPgePNSo8HwrovpyPeeXZwrRptPyP6vW.9CKJnKiAw0nktdkce', 'admin', '2023-05-04 14:19:20'),
<<<<<<< HEAD
(2, 'Mimi', 'Neko', 'mimi@gmail.com', '$2y$15$wPyf1Q/UMG036ksqknKksetEYd6JDYRgmnSqaskU/LRH9sWb2cm5K', 'admin', '2023-05-06 14:01:05'),
(4, 'test', 'DOGGO', 'test@gmail.com', '$2y$15$LcUmoFMLHjzfLWsx5sEHtOuYhjST4lpLORP3ovEO6TRDKc/peIY9.', '', '2023-05-11 16:41:42'),
(5, 'saqib', 'syed', 'iotburner28@gmail.com', '$2y$15$eC3uByP4ov0KuYMtmspdDexpSmBRYsYlZ5Wxz3otv0vnokXfQGs7u', 'admin', '2023-05-12 15:28:57'),
(7, 'saqib', 'syed', 'iotburner29@gmail.com', '$2y$15$tOhbeNWlbNzf5mn5HRgMZ.h8CLU2E0jW43jbKeOnBpVhTDEcytg3a', 'admin', '2023-05-12 15:32:23'),
(8, 'saqib', 'syed', 'iotburner30@gmail.com', '$2y$15$vess2UPRhsQDvtt4Da63jOWNvAHoMvM7oSNuVogJeQxus.cO0EXTu', 'admin', '2023-05-12 15:34:37'),
(9, 'test', 'DOGGO', 'test1@gmail.com', '$2y$15$elUTqVhhbXOtefv40VWmvOlcx0piB0L5QLU3ctWRxSYLQj2G6Ihu6', 'admin', '2023-05-12 15:39:12'),
(10, 'saqib', 'syed', 'iotburner31@gmail.com', '$2y$15$fwsTlAJ9Na6XSYF3I.ecqurK3jx/6KJvpDEZ2T3MA0K55JZRzl11O', 'admin', '2023-05-12 15:39:23'),
(11, 'saqib', 'syed', 'iotburner32@gmail.com', '$2y$15$qcyTSIbM5LEXOykunzO2fueXxDZRyF0zz/3GAfFI6vlZG2abnO5TK', 'admin', '2023-05-12 15:39:54'),
(12, 'Mimi', 'Neko', 'mimmmmi@gmail.com', '$2y$15$z2V.lcffjXrs3HzhGJV1leg9oXOJsagvbfs/VI1Aa/WLOHgT/X3NS', 'admin', '2023-05-12 15:43:06'),
(13, 'Mimi', 'Neko', 'mimmi@gmail.com', '$2y$15$9M76yJ04sWZ3P0/eBYwqzuiFnbPsBz40x9mFPF83qT4V6ZZAWMmmO', 'admin', '2023-05-12 15:43:39'),
(14, 'test3', 'DOGGO', 'test3@gmail.com', '$2y$15$uGS.wMWhFiYQVY2mJ9U9NuQANK/R5UOd774M4h719Er6l9UC/XGha', 'admin', '2023-05-15 16:35:51'),
(15, 'test4', 'test4', 'test4@gmail.com', '$2y$15$0Om22Q8CwYQETcHpaPO3Ge6vRN4NaTDAkhejRVzFg0d6LhqnMq4fO', 'admin', '2023-05-15 06:45:51'),
(16, 'test5', 'test5', 'test5@gmail.com', '$2y$15$WsumDA5kbCeLr1xPespBWeOkMzsDVXSOrSySWiwtFMF6kib01TC8u', 'user', '2023-05-15 06:46:13'),
(17, 'test7', 'test7', 'test7@gmail.com', '$2y$15$j348ljgTzy5ObVMhW/GATejJbNZOIv6KYvAzfPBnmw4NYlbE4Yruy', 'admin', '2023-05-15 07:14:10');
=======
(2, 'Mimi', 'Neko', 'mimi@gmail.com', '$2y$15$wPyf1Q/UMG036ksqknKksetEYd6JDYRgmnSqaskU/LRH9sWb2cm5K', 'admin', '2023-05-06 14:01:05');
>>>>>>> 7345c0466a5866af0d32573cd1621873dddefa22

--
-- Indexes for dumped tables
--

--
-- Indexes for table `breed`
--
ALTER TABLE `breed`
  ADD PRIMARY KEY (`breed_id`),
  ADD KEY `category_fk` (`category_id`);

--
-- Indexes for table `category`
--
ALTER TABLE `category`
  ADD PRIMARY KEY (`category_id`);

--
-- Indexes for table `ca_codes`
--
ALTER TABLE `ca_codes`
  ADD PRIMARY KEY (`code_id`);

--
-- Indexes for table `entry`
--
ALTER TABLE `entry`
  ADD PRIMARY KEY (`entry_id`);

--
-- Indexes for table `pets_appearance`
--
ALTER TABLE `pets_appearance`
  ADD PRIMARY KEY (`appearance_id`);

--
-- Indexes for table `pets_info`
--
ALTER TABLE `pets_info`
  ADD PRIMARY KEY (`animal_id`),
  ADD KEY `category_id` (`breed_id`),
  ADD KEY `record_id` (`record_id`),
  ADD KEY `apperance_id` (`appearance_id`);

--
-- Indexes for table `record`
--
ALTER TABLE `record`
  ADD PRIMARY KEY (`record_id`),
  ADD KEY `entry_id` (`entry_id`);

--
-- Indexes for table `ws_log`
--
ALTER TABLE `ws_log`
<<<<<<< HEAD
  ADD PRIMARY KEY (`id`);
=======
  ADD PRIMARY KEY (`id`),
  ADD UNIQUE KEY `email` (`email`),
  ADD KEY `user_id` (`user_id`);
>>>>>>> 7345c0466a5866af0d32573cd1621873dddefa22

--
-- Indexes for table `ws_users`
--
ALTER TABLE `ws_users`
  ADD PRIMARY KEY (`user_id`),
  ADD UNIQUE KEY `email` (`email`);

--
-- AUTO_INCREMENT for dumped tables
--

--
-- AUTO_INCREMENT for table `breed`
--
ALTER TABLE `breed`
  MODIFY `breed_id` int(11) NOT NULL AUTO_INCREMENT, AUTO_INCREMENT=20;

--
-- AUTO_INCREMENT for table `category`
--
ALTER TABLE `category`
  MODIFY `category_id` int(11) NOT NULL AUTO_INCREMENT, AUTO_INCREMENT=7;

--
-- AUTO_INCREMENT for table `ca_codes`
--
ALTER TABLE `ca_codes`
  MODIFY `code_id` int(11) NOT NULL AUTO_INCREMENT, AUTO_INCREMENT=1624;

--
-- AUTO_INCREMENT for table `entry`
--
ALTER TABLE `entry`
<<<<<<< HEAD
  MODIFY `entry_id` int(11) NOT NULL AUTO_INCREMENT, AUTO_INCREMENT=15;
=======
  MODIFY `entry_id` int(11) NOT NULL AUTO_INCREMENT, AUTO_INCREMENT=14;
>>>>>>> 7345c0466a5866af0d32573cd1621873dddefa22

--
-- AUTO_INCREMENT for table `pets_appearance`
--
ALTER TABLE `pets_appearance`
<<<<<<< HEAD
  MODIFY `appearance_id` int(11) NOT NULL AUTO_INCREMENT, AUTO_INCREMENT=17;
=======
  MODIFY `appearance_id` int(11) NOT NULL AUTO_INCREMENT, AUTO_INCREMENT=16;
>>>>>>> 7345c0466a5866af0d32573cd1621873dddefa22

--
-- AUTO_INCREMENT for table `pets_info`
--
ALTER TABLE `pets_info`
<<<<<<< HEAD
  MODIFY `animal_id` int(11) NOT NULL AUTO_INCREMENT, AUTO_INCREMENT=27;
=======
  MODIFY `animal_id` int(11) NOT NULL AUTO_INCREMENT, AUTO_INCREMENT=20;
>>>>>>> 7345c0466a5866af0d32573cd1621873dddefa22

--
-- AUTO_INCREMENT for table `record`
--
ALTER TABLE `record`
<<<<<<< HEAD
  MODIFY `record_id` int(11) NOT NULL AUTO_INCREMENT, AUTO_INCREMENT=16;
=======
  MODIFY `record_id` int(11) NOT NULL AUTO_INCREMENT, AUTO_INCREMENT=14;
>>>>>>> 7345c0466a5866af0d32573cd1621873dddefa22

--
-- AUTO_INCREMENT for table `ws_log`
--
ALTER TABLE `ws_log`
<<<<<<< HEAD
  MODIFY `id` int(10) UNSIGNED NOT NULL AUTO_INCREMENT, AUTO_INCREMENT=45;
=======
  MODIFY `id` int(10) UNSIGNED NOT NULL AUTO_INCREMENT, AUTO_INCREMENT=5;
>>>>>>> 7345c0466a5866af0d32573cd1621873dddefa22

--
-- AUTO_INCREMENT for table `ws_users`
--
ALTER TABLE `ws_users`
<<<<<<< HEAD
  MODIFY `user_id` int(10) UNSIGNED NOT NULL AUTO_INCREMENT, AUTO_INCREMENT=18;
=======
  MODIFY `user_id` int(10) UNSIGNED NOT NULL AUTO_INCREMENT, AUTO_INCREMENT=3;
>>>>>>> 7345c0466a5866af0d32573cd1621873dddefa22

--
-- Constraints for dumped tables
--

--
-- Constraints for table `breed`
--
ALTER TABLE `breed`
  ADD CONSTRAINT `category_fk` FOREIGN KEY (`category_id`) REFERENCES `category` (`category_id`);

--
-- Constraints for table `pets_info`
--
ALTER TABLE `pets_info`
  ADD CONSTRAINT `apperance_id` FOREIGN KEY (`appearance_id`) REFERENCES `pets_appearance` (`appearance_id`),
  ADD CONSTRAINT `breed_id` FOREIGN KEY (`breed_id`) REFERENCES `breed` (`breed_id`),
  ADD CONSTRAINT `record_id` FOREIGN KEY (`record_id`) REFERENCES `record` (`record_id`);

--
-- Constraints for table `record`
--
ALTER TABLE `record`
  ADD CONSTRAINT `entry_id` FOREIGN KEY (`entry_id`) REFERENCES `entry` (`entry_id`);

--
-- Constraints for table `ws_log`
--
ALTER TABLE `ws_log`
  ADD CONSTRAINT `user_id` FOREIGN KEY (`user_id`) REFERENCES `ws_users` (`user_id`);
COMMIT;

/*!40101 SET CHARACTER_SET_CLIENT=@OLD_CHARACTER_SET_CLIENT */;
/*!40101 SET CHARACTER_SET_RESULTS=@OLD_CHARACTER_SET_RESULTS */;
/*!40101 SET COLLATION_CONNECTION=@OLD_COLLATION_CONNECTION */;
